Actual Sales,Predicted Sales
-0.2917702723436243,0.17269067717911035
-0.3501469691001511,-0.17398490083675888
-0.3508012732464107,0.3110052524096485
-0.3403802828193981,-0.19020560246947227
-0.3345713386916299,-0.1735262910931148
-0.2265122110049721,-0.17771023232096894
-0.3576283784603096,-0.19020560246947227
-0.3324009639625738,-0.18372861252339945
0.0332114260571171,-0.19112282195676045
-0.3072246171055216,-0.17398490083675888
-0.3596583171774857,-0.18974699272582818
0.5200855247439673,0.1777918378942509
-0.04913514454531,0.3165650228684349
3.4617332351819687,0.2980512725175011
1.1821056723381116,0.18008488661247313
4.9736705308107565,0.30269382348899754
-0.345908354923406,-0.18974699272582818
0.2231830494003908,0.17870905738153908
0.5818693906523581,0.18335160835303732
-0.3610084179280604,-0.19158143170040454
0.9185264284044048,0.31473058389385855
0.2495403354482529,-0.1790860615519012
-0.2958109994127201,0.2980512725175011
1.4286985422894107,-0.19066421221311636
2.5068832565887718,-0.18974699272582818
-0.3320179566574462,-0.18510444175433172
-0.2142272516930054,0.17360789666639853
-0.3566261760118924,-0.1790860615519012
-0.363220285115172,-0.1892883829821841
-0.2969600213281028,-0.1790860615519012
-0.2539610678724479,-0.17260907160582661
-0.3667056515918329,-0.17862745180825712
0.3065445893614059,-0.17862745180825712
-0.3434571081705896,-0.18974699272582818
-0.355521838282108,0.297592662773857
0.2442803684578343,0.2980512725175011
-0.2577400732830399,0.18936998855546783
-0.2406707143845212,0.29896849200478925
-0.3128995086764951,-0.1892883829821841
-0.0298603019147651,0.1838102180966814
-0.3299752510300991,0.3096294231787162
-0.3599008884707331,-0.17260907160582661
-0.1667183872194733,0.1740665064100444
0.5228543483872853,0.30269382348899754
-0.2322349784890865,0.17916766712518317
-0.3171445063083257,0.1838102180966814
-0.2365214685789726,-0.19066421221311636
-0.1968163779474147,-0.17398490083675888
1.2496617775075292,0.18936998855546783
-0.2678801916862922,0.31427197415021446
1.078661782678241,0.17269067717911035
0.4503063813410386,0.1838102180966814
-0.2388833469605926,-0.19020560246947227
-0.2807971130517194,-0.17771023232096894
-0.3447848668283651,-0.18372861252339945
-0.3568112962093708,-0.17215046186218252
-0.3510725700875427,-0.18510444175433172
0.1423748914735594,0.29850988226114517
-0.3344436695899208,0.31381336440657037
1.747599999721252,-0.1730676813494707
-0.2969887468759874,0.1740665064100444
0.6816906695512304,0.30269382348899754
-0.2725624559914767,0.30223521374535345
0.9482318366445904,0.2971340530302129
-0.3567219278381743,-0.1790860615519012
-0.347325481952378,-0.19112282195676045
-0.0955747802920276,-0.18372861252339945
0.1232181427620956,0.297592662773857
-0.165435312747296,0.190287208042756
0.2060434724959321,0.3096294231787162
-0.2988367571232279,-0.17398490083675888
-0.255825036757402,-0.19066421221311636
-0.3498277963458781,-0.1790860615519012
-0.3491894508373321,-0.1790860615519012
-0.1730571581193346,-0.1855630514979758
0.1184465100857146,-0.17490212032404706
0.5508138816615977,0.31473058389385855
0.252042649841753,0.17269067717911035
-0.2347021838796166,-0.18046189078283348
-0.3582794908790264,-0.18974699272582818
-0.3497320445195962,-0.17398490083675888
-0.3387588852276914,-0.18464583201068763
-0.1626489346024929,0.3100880329223603
0.0376351604313405,-0.18464583201068763
-0.1130016126753319,0.297592662773857
-0.3644267581263239,-0.1800032810391894
-0.1960184460617323,-0.18510444175433172
-0.2236268893063444,-0.19020560246947227
-0.3414910040042681,-0.19020560246947227
1.061490288498355,-0.1892883829821841
1.1730890420299005,-0.18464583201068763
3.9979306954503935,0.31564780338114673
-0.3013135376963862,0.17223206743546626
-0.0395293213327105,0.17177345769182217
-0.364011833545769,-0.1735262910931148
-0.2833760289062451,0.18845276906817965
-0.0968642382192904,0.1838102180966814
0.4191710791617101,0.18982859829911192
-0.337252389827523,-0.1892883829821841
-0.3543600494565543,-0.18974699272582818
-0.175709483707343,0.178250447637895
3.6532336960182095,0.31564780338114673
-0.2688855858622521,-0.1735262910931148
5.903583542112608,-0.18510444175433172
-0.338503547024273,-0.18281139303611127
0.2124907621322462,0.18008488661247313
-0.3380567051682908,-0.17398490083675888
-0.1590518576618365,0.1838102180966814
-0.2611360713885043,-0.1883711634948959
-0.2279676387644569,-0.1735262910931148
0.209362869140371,-0.17398490083675888
-0.3323498963218901,-0.1790860615519012
-0.2480595636459405,0.1838102180966814
-0.2680429697909715,-0.17398490083675888
-0.3165699953506343,-0.18418722226704354
-0.3546409214803145,0.190287208042756
-0.230469953157957,-0.18510444175433172
-0.3444337767986649,-0.19112282195676045
-0.345453533748567,-0.1800032810391894
-0.2146645183663593,-0.17398490083675888
0.3499265501221885,-0.1800032810391894
-0.215200728593538,-0.19020560246947227
0.0912817169695418,0.31427197415021446
-0.2917000543376842,0.29850988226114517
-0.3635362661419023,0.2980512725175011
-0.344325258062212,-0.1800032810391894
-0.3146230415495691,-0.1892883829821841
1.0079075665110084,0.3045282624635739
-0.3584454607112484,0.1838102180966814
0.1547409206651115,0.17177345769182217
-0.3382099080903419,0.17223206743546626
-0.3255068324702775,0.18335160835303732
-0.1896988255271274,0.17870905738153908
-0.2702261114301986,-0.18974699272582818
-0.3334223167762473,-0.17398490083675888
1.990844747480228,0.17360789666639853
-0.2363682656569215,-0.18510444175433172
0.4216287093696119,0.297592662773857
-0.3550494626057839,-0.19112282195676045
-0.3508874498900644,-0.1795446712955453
-0.2428410891135775,-0.17771023232096894
1.4157720457413554,-0.18510444175433172
-0.3300518524911247,-0.18510444175433172
0.4667597368238103,-0.1800032810391894
-0.1934810226652621,0.29850988226114517
-0.0336233486876435,-0.19112282195676045
1.1978600394890255,0.18936998855546783
-0.1783043581995822,-0.17816884206461303
-0.3650331863594425,0.17177345769182217
0.1232181427620956,0.3100880329223603
-0.3077289100572729,-0.17816884206461303
-0.3068033090698813,-0.19112282195676045
3.106851433160935,-0.1735262910931148
3.337160109189228,0.30871220369142804
0.1678448772645427,0.31564780338114673
0.1275397418549516,-0.17169185211853843
-0.3267101137538867,-0.17260907160582661
0.9760413587243946,0.17131484794817808
-0.3396461854845702,-0.1795446712955453
-0.3439677845774263,0.17916766712518317
-0.2420112399524677,0.17314928692275444
-0.2772159947487767,0.297592662773857
-0.3458221782797523,-0.18464583201068763
-0.1577177155489755,-0.1892883829821841
-0.323693931226007,-0.17398490083675888
-0.297394096273914,-0.1735262910931148
-0.3475935870659672,-0.1795446712955453
-0.2932065497378526,0.17870905738153908
-0.2747902818163021,0.3040696527199298
-0.0007804722729545,0.1777918378942509
-0.3632490106630566,-0.1795446712955453
-0.2856900313747241,-0.18510444175433172
-0.3339649104585113,-0.1892883829821841
-0.2815631276619746,-0.18974699272582818
-0.3629904807320955,0.17269067717911035
-0.1730188573888218,0.18891137881182374
0.7777393264945963,0.17360789666639853
-0.3435879689998415,-0.19066421221311636
-0.3626585410676516,-0.17398490083675888
-0.3446252804512286,0.1777918378942509
1.5766590518515042,0.18891137881182374
-0.3562112514313376,-0.19020560246947227
-0.3024944768871961,0.29942710174843334
0.2495403354482529,0.1777918378942509
-0.3434571081705896,-0.17398490083675888
-0.3336138204288111,-0.17444351058040297
-0.3086034434039809,-0.18974699272582818
-0.2039658476431293,-0.1892883829821841
-0.3548707258633911,-0.1795446712955453
-0.2755371460613008,0.31427197415021446
0.1742538661703439,0.30223521374535345
1.1670726356118546,-0.1795446712955453
-0.3636368055594983,-0.18510444175433172
0.1231223909358137,0.178250447637895
-0.1155422277993448,-0.18510444175433172
-0.3435592434519569,0.1842688278403255
-0.1420463333141725,-0.1735262910931148
1.0921564067289022,0.178250447637895
-0.0886327728865904,0.3096294231787162
-0.3622148909392122,-0.1860216612416199
-0.3545387861989472,-0.17398490083675888
4.10639836426252,0.17223206743546626
-0.2948981653354994,-0.17444351058040297
-0.3098194915977609,-0.1790860615519012
-0.3028774841923237,-0.19158143170040454
-0.3622755337625241,-0.17816884206461303
-0.3310604383946273,-0.18281139303611127
-0.3585731298129576,-0.1883711634948959
-0.3419123120399083,-0.1790860615519012
-0.190895723355651,0.18891137881182374
-0.0876082283453741,-0.1892883829821841
-0.0763286632093673,-0.1735262910931148
-0.3446061300859723,-0.17771023232096894
0.6898966010635886,-0.1790860615519012
0.780707633109335,0.31473058389385855
-0.3453721446962274,-0.18974699272582818
0.3272652845688073,0.29896849200478925
-0.1739125411007861,-0.18046189078283348
-0.3655183289459374,-0.18327000277975536
1.5223757456685283,0.18891137881182374
-0.3625308719659424,-0.18882977323854
-0.0735837775226197,-0.17816884206461303
-0.3091396536311595,0.2966754432865688
-0.3148464624775602,0.17733322815060681
-0.1928905530698571,-0.19066421221311636
-0.1729709814756808,0.3036110429762857
-0.268023819425715,-0.1855630514979758
0.4647010725587496,0.17269067717911035
-0.3488192104423755,-0.19020560246947227
-0.2678323157731513,-0.17444351058040297
-0.3108727616868617,-0.1892883829821841
-0.0633734411134273,0.17360789666639853
-0.3508874498900644,-0.17398490083675888
-0.1957950251337412,-0.1883711634948959
-0.3294645746232624,-0.19066421221311636
0.8062478369062583,-0.19020560246947227
0.8247247476511207,0.1777918378942509
0.397713094891938,0.30269382348899754
-0.269843104125071,-0.18882977323854
-0.3072501509258634,0.3031524332326416
1.341813335121222,0.18936998855546783
-0.3449444532055016,-0.18327000277975536
3.650571795247573,-0.19158143170040454
0.397713094891938,0.2980512725175011
-0.3475935870659672,-0.18882977323854
-0.2445007874357969,-0.18510444175433172
-0.209200280813206,-0.19112282195676045
-0.3403164482685435,-0.19066421221311636
-0.3544206922798662,-0.17260907160582661
-0.3151496765941196,-0.18974699272582818
-0.3568112962093708,-0.1730676813494707
-0.3084885412124426,-0.18464583201068763
-0.3302305892335175,-0.17771023232096894
-0.0159475615560062,-0.17169185211853843
-0.3544079253696953,-0.17398490083675888
-0.3216767594190018,-0.18464583201068763
-0.3165699953506343,-0.17398490083675888
-0.2149453903901196,-0.19020560246947227
-0.3296560782758262,-0.19066421221311636
-0.3421995675187541,-0.19020560246947227
0.0938350990037256,0.1777918378942509
-0.2725560725363913,0.3040696527199298
1.0894338631349538,0.18243438886574914
1.2988111899380246,0.1745251161536885
-0.2407345489353758,-0.19020560246947227
1.2491128003701797,0.17916766712518317
0.1449027396874013,0.17223206743546626
-0.008734257309437,0.18936998855546783
-0.0810683786103209,0.2980512725175011
-0.363705427701667,-0.18974699272582818
0.4142079428327653,-0.1855630514979758
-0.33929509545487,-0.18418722226704354
-0.0413632879787631,-0.17816884206461303
-0.1930501394469936,0.178250447637895
-0.3236556304954943,0.3036110429762857
-0.3516311224075204,-0.19112282195676045
0.2444974059307399,0.31564780338114673
-0.3556367404736462,0.29942710174843334
-0.337252389827523,-0.19158143170040454
-0.3427421612010181,-0.19112282195676045
-0.3616116544336363,-0.18464583201068763
-0.2153283976952471,0.29896849200478925
-0.2718602759320762,-0.17398490083675888
0.7411046777591445,-0.19066421221311636
-0.3403802828193981,-0.1795446712955453
-0.3640884350067945,-0.17260907160582661
-0.0850420794010195,0.3054454819508621
-0.3252259604465173,-0.1790860615519012
-0.3352416014756033,-0.18974699272582818
-0.2799800308007806,-0.17862745180825712
-0.1417271605598995,0.1847274375839696
-0.360232828135177,-0.17816884206461303
-0.2840526751453037,-0.19020560246947227
1.0104354147248502,0.3054454819508621
-0.3110163894262845,-0.17490212032404706
7.451344787680993,0.30825359394778395
-0.3261451779788235,-0.1795446712955453
-0.3649757352636734,-0.18372861252339945
1.1598872589812843,0.18243438886574914
-0.3479765943710948,-0.19020560246947227
1.440396223733515,0.190287208042756
1.8910841114046677,0.297592662773857
-0.0794884734766697,-0.17444351058040297
0.4981822944819846,0.18335160835303732
0.0732835653560888,0.17269067717911035
1.0229980543330344,-0.18372861252339945
-0.1385481999273407,-0.17398490083675888
-0.2388705800504217,-0.19158143170040454
2.494671707010287,-0.17398490083675888
0.190196545246279,0.30269382348899754
-0.2534376245554401,0.29896849200478925
-0.1986037453713434,-0.19066421221311636
0.5177635429566315,-0.1790860615519012
0.486165440283607,-0.17444351058040297
-0.3216767594190018,-0.17816884206461303
-0.3498916308967327,-0.1855630514979758
-0.3094843602057743,-0.1795446712955453
-0.3511300211833118,-0.1795446712955453
0.2662394539518149,0.18982859829911192
1.0028901708138371,0.2980512725175011
-0.1900626824669986,-0.18418722226704354
-0.3319860393820188,-0.1800032810391894
-0.0619084381713143,0.2980512725175011
-0.3317131466771155,-0.18464583201068763
0.0137067790434957,0.17177345769182217
-0.2367768067823909,-0.19020560246947227
-0.2916872874275133,0.17269067717911035
-0.3477850907185311,-0.19020560246947227
0.2482700278862464,-0.1730676813494707
-0.3253791633685683,-0.1795446712955453
-0.2322349784890865,0.17733322815060681
-0.2327073541654105,0.297592662773857
0.746198674917341,0.17269067717911035
-0.3150379661301241,-0.18046189078283348
-0.3444337767986649,-0.1790860615519012
-0.328347469983307,0.17360789666639853
-0.0849303689370239,-0.19020560246947227
-0.3421038156924721,-0.18974699272582818
-0.2927916251572978,-0.1892883829821841
3.2136083360101595,0.19074581778640187
-0.2869826810295297,-0.17260907160582661
-0.3269111925890786,-0.19020560246947227
-0.3566102173741788,-0.19066421221311636
-0.3546153876599727,-0.1735262910931148
-0.3637086194292097,-0.17398490083675888
-0.3525726820326257,-0.17816884206461303
-0.3269111925890786,-0.19066421221311636
-0.2986963211113478,0.29850988226114517
-0.3309966038437727,-0.19066421221311636
0.2108948983608813,-0.1735262910931148
-0.2987601556622024,-0.17862745180825712
-0.3205596547790464,-0.17816884206461303
-0.0376385419363975,0.17269067717911035
-0.3485032294156452,-0.19020560246947227
-0.0109812334995187,-0.1800032810391894
-0.3272686660738643,-0.1892883829821841
1.369236658168356,-0.18046189078283348
-0.3576954047387069,-0.18882977323854
-0.3543345156362125,0.18936998855546783
-0.3566740519250334,-0.17260907160582661
-0.2958876008737456,-0.17169185211853843
0.9082873664473278,0.31473058389385855
-0.3570411005924473,0.178250447637895
-0.2987441970244887,-0.17398490083675888
-0.3403164482685435,0.29896849200478925
-0.1663034626389185,0.29942710174843334
-0.3269111925890786,-0.1860216612416199
-0.1129696953999046,0.31427197415021446
-0.3489213457237428,-0.19020560246947227
-0.3269111925890786,-0.19020560246947227
-0.3503512396628858,-0.18464583201068763
-0.3595625653512038,-0.17444351058040297
-0.1997783011070679,0.30917081343507213
0.4574319130801826,0.17360789666639853
-0.360232828135177,-0.18046189078283348
0.5565430326007976,-0.19066421221311636
-0.0551515509633555,-0.1735262910931148
-0.3623010675828659,-0.19066421221311636
-0.3237832995972035,0.3036110429762857
-0.0901169261939597,-0.19020560246947227
-0.2115462005571124,-0.1795446712955453
-0.1339712626310663,-0.1883711634948959
2.113190047648144,-0.18510444175433172
0.5321023789423448,0.17733322815060681
-0.0621573929196473,0.1777918378942509
-0.3462913622285336,-0.19020560246947227
-0.3544398426451226,-0.19020560246947227
-0.1339712626310663,-0.19066421221311636
-0.2898871530934137,-0.19020560246947227
-0.3565304241856105,-0.18281139303611127
0.1477784862034008,0.304986872207218
-0.2711836296930175,0.18289299860939323
-0.2087215216817966,0.297592662773857
0.3491733024221042,0.17131484794817808
-0.1910712683705012,-0.18046189078283348
-0.3259057984131187,-0.18464583201068763
0.1757858953908543,-0.1855630514979758
-0.3044733479636886,0.17269067717911035
1.2642447806502612,0.3100880329223603
0.2253374654917334,0.3100880329223603
-0.1911829788344967,0.30917081343507213
-0.3378907353360689,0.3036110429762857
0.4459975491583534,0.17360789666639853
-0.2930788806361434,0.17223206743546626
1.6863188309008414,0.3054454819508621
-0.2611137292957052,-0.17260907160582661
-0.3044573893259749,0.30269382348899754
-0.0926128571323744,-0.17260907160582661
-0.0814992618285895,0.30269382348899754
-0.1743210822262555,-0.19066421221311636
-0.2471818385716899,-0.19020560246947227
-0.3214533384910107,-0.17725162257732485
-0.3549983949651003,-0.18418722226704354
-0.2265632786456558,-0.17398490083675888
-0.2550175296890914,-0.17725162257732485
-0.3430613339552911,-0.1795446712955453
-0.1002666197798403,-0.18974699272582818
-0.351730065961345,-0.17725162257732485
-0.2993729673504064,0.29942710174843334
-0.288112552579656,0.31473058389385855
-0.3361033679121403,-0.19066421221311636
-0.3584454607112484,0.18335160835303732
-0.3628819619956427,-0.1735262910931148
-0.2584645954352395,-0.1790860615519012
-0.255671833835351,0.178250447637895
-0.3518832688833961,-0.19066421221311636
-0.3134421023587592,0.29988571149207743
-0.3485032294156452,-0.1795446712955453
0.9027098225664076,0.1842688278403255
-0.3475935870659672,-0.17816884206461303
-0.3600413244826133,-0.19112282195676045
-0.2949939171617813,-0.19066421221311636
-0.3121526444314963,-0.19066421221311636
-0.3453721446962274,-0.17215046186218252
-0.0365820801197539,0.17314928692275444
0.5879097350269741,0.18008488661247313
-0.0619339719916562,0.18243438886574914
-0.297323878267974,0.1777918378942509
-0.2882912893220488,-0.17771023232096894
-0.3574400665352885,0.3045282624635739
1.3742955463235826,0.3036110429762857
-0.2953769244669089,-0.18464583201068763
-0.3550494626057839,-0.17169185211853843
-0.2861448525495631,-0.1735262910931148
-0.3104418784685932,0.3100880329223603
0.3312996281828178,0.31427197415021446
-0.1098418024080295,-0.17260907160582661
-0.3650156318579575,-0.18464583201068763
0.9207829797771148,-0.17398490083675888
-0.2343510938499164,-0.1735262910931148
-0.2433134647899014,-0.18974699272582818
-0.2166848819009073,0.31427197415021446
-0.2663960383789229,-0.18974699272582818
-0.3439550176672554,0.18845276906817965
-0.3364863752172679,-0.1790860615519012
-0.2995644710029703,-0.1790860615519012
-0.351730065961345,-0.19020560246947227
-0.1700697011393395,0.1838102180966814
-0.1387014028493917,-0.19158143170040454
-0.3103652770075677,-0.18974699272582818
-0.0518608798668012,0.17269067717911035
0.0028421384880437,-0.1735262910931148
0.1640658718539507,0.3045282624635739
-0.314128323780446,-0.19066421221311636
-0.3609988427454322,-0.17260907160582661
-0.2840782089656456,-0.17862745180825712
-0.2533993238249274,0.2971340530302129
-0.3415612220102081,-0.18418722226704354
-0.3468275724557121,-0.17169185211853843
-0.3305880627183032,-0.18372861252339945
-0.1867783948255297,0.31427197415021446
-0.2550494469645187,-0.1883711634948959
-0.2467988312665623,-0.19020560246947227
-0.1864751807089704,0.1838102180966814
-0.3181020245711445,-0.1892883829821841
0.0706791156812214,0.18335160835303732
-0.3473542075002626,-0.19066421221311636
-0.2153283976952471,0.29942710174843334
-0.3541525871662769,-0.1735262910931148
-0.3614456846014143,-0.19020560246947227
0.9713399440539536,-0.19066421221311636
-0.250003325719463,0.297592662773857
-0.3630032476422664,-0.19066421221311636
-0.2835547656486379,-0.1795446712955453
0.681010831584629,0.29850988226114517
1.0091587237077584,0.178250447637895
-0.2689494204131066,-0.17444351058040297
-0.0155517873407077,-0.1790860615519012
-0.351730065961345,-0.1892883829821841
-0.2406707143845212,0.30917081343507213
0.0497764920038843,0.17870905738153908
-0.3541813127141615,-0.19066421221311636
1.7382003621079132,0.3040696527199298
-0.2958876008737456,-0.17771023232096894
-0.3434124239849913,-0.19066421221311636
-0.2407664662108031,0.30871220369142804
1.5417495318528978,0.1847274375839696
-0.3144155792592917,-0.18418722226704354
-0.3593582947884691,-0.19112282195676045
-0.3367417134206862,0.17269067717911035
-0.3390142234311098,-0.17490212032404706
-0.3414319570447275,-0.18464583201068763
-0.3432209203324275,-0.17816884206461303
-0.0083001823636257,0.1838102180966814
-0.3032668749525368,-0.19020560246947227
-0.3186765355288359,-0.19020560246947227
-0.3429974994044364,-0.17725162257732485
1.2276197070974375,-0.19158143170040454
-0.2100684307048285,-0.17260907160582661
-0.2307125244512044,-0.1860216612416199
-0.3638394802584616,-0.19020560246947227
-0.3599886609781582,-0.1883711634948959
-0.3201702640188334,-0.1860216612416199
-0.2479733870022869,0.1842688278403255
-0.1104354637309772,0.17962627686882904
-0.0309550644619214,0.1838102180966814
-0.2693962622690888,-0.17816884206461303
-0.3410058614177731,-0.17169185211853843
-0.2876912445440157,0.1777918378942509
-0.2419793226770404,-0.1735262910931148
-0.3396461854845702,-0.18418722226704354
-0.3447210322775105,0.18289299860939323
-0.3628117439897027,-0.17816884206461303
0.7785755591107915,-0.1800032810391894
0.8163911470370534,0.31518919363750264
-0.1146485440873805,0.297592662773857
-0.3500576007289546,-0.1855630514979758
-0.2983771483570748,-0.17260907160582661
-0.2608041317240604,-0.17398490083675888
-0.1339074280802117,-0.19020560246947227
-0.2630447244590567,-0.18418722226704354
-0.3056159864239858,0.29988571149207743
-0.0491670618207372,0.29850988226114517
-0.2926958733310159,-0.18974699272582818
-0.3504661418544241,-0.18418722226704354
-0.2392025197148655,-0.17862745180825712
-0.3155486425369608,-0.19020560246947227
-0.2813333232788981,-0.18372861252339945
-0.1991463390536074,-0.1800032810391894
0.7737879677966969,-0.18418722226704354
0.621079763514793,0.2971340530302129
-0.0408430363892981,0.17733322815060681
-0.3284432218095889,0.178250447637895
-0.0794884734766697,0.3031524332326416
-0.3453721446962274,-0.18974699272582818
-0.3101865402651748,-0.18510444175433172
-0.3423336200755487,-0.19020560246947227
-0.3301284539521502,-0.17816884206461303
-0.0724411390623225,-0.18372861252339945
-0.3435241344489869,-0.1892883829821841
0.3072212356004646,-0.1730676813494707
-0.3186765355288359,-0.18046189078283348
-0.0906914371516511,0.1777918378942509
-0.0635936703138757,0.17916766712518317
-0.0123089921572943,-0.1735262910931148
-0.3132186814307681,-0.19066421221311636
-0.3205596547790464,-0.18281139303611127
-0.366373711927389,-0.18510444175433172
0.4933627858924626,0.31473058389385855
-0.245751944632547,-0.18974699272582818
-0.237000227710382,0.17687461840696272
-0.0007804722729545,0.18799415932453556
-0.2726199070872458,-0.17816884206461303
-0.2869348051163887,0.30917081343507213
-0.112988845765161,0.3031524332326416
-0.346923324281994,-0.1855630514979758
-0.3534408319242482,-0.18510444175433172
-0.3434571081705896,-0.18372861252339945
-0.1436804978160501,0.297592662773857
0.1745028209186769,0.18936998855546783
-0.1253216809902687,-0.17260907160582661
-0.2917128212478551,0.30871220369142804
-0.3066756399681721,0.18845276906817965
-0.2632841040247614,-0.18464583201068763
-0.3418484774890538,-0.17816884206461303
1.4190659085654522,0.30871220369142804
-0.296462111831437,0.3031524332326416
-0.3647491226081396,-0.1790860615519012
-0.3632490106630566,-0.19112282195676045
-0.2599168314671815,-0.19020560246947227
-0.31095255487543,0.1777918378942509
-0.3075054891292818,0.178250447637895
-0.2918341068944788,-0.18281139303611127
-0.3134261437210455,-0.1860216612416199
-0.3207830757070375,-0.1883711634948959
-0.3342840832127843,-0.18464583201068763
-0.3473382488625489,-0.17816884206461303
-0.3547941244023656,-0.18974699272582818
-0.337252389827523,-0.18464583201068763
-0.2688377099491111,-0.17215046186218252
-0.1572644902379079,0.1777918378942509
-0.3622148909392122,-0.17725162257732485
-0.0185137105003609,0.31473058389385855
-0.2655023546669586,-0.19066421221311636
0.0664373097769335,-0.1795446712955453
0.1711898077293235,-0.18464583201068763
-0.3262473132601908,-0.1860216612416199
0.0615858839119844,-0.17444351058040297
1.9438433676859896,0.1847274375839696
-0.2287974879255666,0.29896849200478925
-0.261847826630533,0.18289299860939323
-0.3444337767986649,-0.17398490083675888
-0.3597540690037676,-0.17398490083675888
-0.0133814126116515,0.30871220369142804
0.1377053940785458,0.17269067717911035
-0.2646086709549942,0.18335160835303732
-0.3515577126740376,-0.1795446712955453
-0.2581486144085093,0.18936998855546783
-0.0331318226460631,0.1740665064100444
-0.3510789535426281,-0.19020560246947227
6.679336113100611,0.17223206743546626
0.1608103097603663,-0.18464583201068763
-0.3188361219059724,-0.1730676813494707
-0.340428158732539,-0.17725162257732485
0.5968258259175896,0.31518919363750264
-0.2534120907350983,0.29896849200478925
-0.3617409193991168,-0.18464583201068763
0.1592974309051125,0.178250447637895
-0.2550015710513778,0.18289299860939323
0.776149846178317,0.30871220369142804
-0.1770388382288899,0.18891137881182374
0.6638329539496577,0.31564780338114673
1.1637277051470738,0.3096294231787162
-0.1883008488634118,0.3040696527199298
2.8233877266360223,0.31473058389385855
-0.2813014060034707,-0.1860216612416199
-0.3446891150020832,0.3040696527199298
1.168757867754416,0.17360789666639853
-0.2543759924530027,0.17360789666639853
-0.3269111925890786,-0.1855630514979758
-0.3444337767986649,-0.1855630514979758
-0.3276261395586501,0.17269067717911035
-0.2869507637541024,-0.18327000277975536
1.4157720457413554,-0.1735262910931148
0.698016355932293,0.30917081343507213
-0.0788660866058374,-0.1790860615519012
-0.0616147992373832,-0.19066421221311636
-0.1455253163357479,0.17223206743546626
1.306104287373162,0.17177345769182217
-0.0938512474189535,0.1847274375839696
-0.3474978352396854,-0.19020560246947227
-0.3573475064365493,-0.19112282195676045
-0.2985367347342113,-0.19020560246947227
-0.2324041400488512,0.30917081343507213
-0.3605647677996209,-0.17260907160582661
-0.0212713630972794,0.3133547546629263
-0.3294964918986897,0.1838102180966814
-0.3411079966991405,0.17269067717911035
-0.2065511469527404,0.2980512725175011
-0.3401632453464924,-0.1860216612416199
-0.360232828135177,-0.1800032810391894
-0.1800278910726563,-0.18510444175433172
-0.3525726820326257,-0.18327000277975536
2.032732979751013,0.1740665064100444
1.0711133470396852,-0.18510444175433172
-0.0465753790560407,0.30917081343507213
4.314514958686212,-0.17398490083675888
0.8668268256672688,0.3100880329223603
-0.0587582030866401,-0.17398490083675888
-0.3304859274369359,-0.1855630514979758
-0.1104354637309772,-0.19020560246947227
-0.3252514942668592,0.3031524332326416
-0.3460998585759698,-0.19112282195676045
-0.2761148487465349,-0.1795446712955453
-0.3229534504360937,-0.19020560246947227
-0.3654927951255956,-0.1892883829821841
-0.2521864673586901,0.30917081343507213
-0.2803375042855663,-0.1795446712955453
-0.3626585410676516,-0.19112282195676045
-0.1606349545230305,-0.19066421221311636
-0.3125101179162821,-0.17816884206461303
-0.3014731240735226,-0.18510444175433172
-0.3627096087083353,-0.1790860615519012
-0.2958876008737456,-0.18510444175433172
0.1219223013797473,0.30825359394778395
0.0371659764825592,-0.18372861252339945
-0.3205197581847623,0.31427197415021446
0.2108948983608813,-0.18464583201068763
0.9788181616865694,0.1838102180966814
-0.2679759435125741,0.31427197415021446
-0.3634309391329922,-0.19158143170040454
-0.3527514187750185,-0.18974699272582818
-0.3525726820326257,-0.19112282195676045
-0.361956361008251,-0.17816884206461303
-0.3500927097319247,-0.19066421221311636
-0.3530275032074647,-0.18464583201068763
-0.3621670150260712,-0.17490212032404706
-0.3549345604142457,0.17314928692275444
-0.084244147515337,-0.1735262910931148
-0.3562112514313376,-0.1855630514979758
0.2205498741776388,0.1777918378942509
-0.3533961477386499,-0.19066421221311636
-0.3434571081705896,-0.17490212032404706
-0.3636798938813251,-0.18046189078283348
-0.3604115648775699,-0.19020560246947227
-0.1022135735809054,-0.17398490083675888
-0.1433070656935507,0.2980512725175011
-0.3653651260238864,-0.19020560246947227
-0.2482989432116453,-0.1790860615519012
2.504269231731276,0.3096294231787162
-0.3480531958321204,-0.17260907160582661
-0.3212426844731906,-0.18464583201068763
-0.3434571081705896,-0.18046189078283348
1.4253472283695447,0.18518604732761546
-0.3494703228610924,-0.18372861252339945
-0.1691249497866915,0.297592662773857
0.5892183433194933,0.297592662773857
-0.2974579308247687,0.29988571149207743
-0.1282836041499219,0.3096294231787162
-0.3470829106591305,0.17733322815060681
4.323451795805855,0.297592662773857
-0.3559878305033465,-0.1855630514979758
-0.349687360333998,-0.1735262910931148
2.296178171127925,0.17269067717911035
-0.0633399279742286,0.178250447637895
-0.235985258351794,-0.1735262910931148
-0.0991750489602267,-0.1892883829821841
-0.3449444532055016,-0.1735262910931148
-0.3622627668523531,-0.17771023232096894
-0.3296688451859971,-0.1790860615519012
-0.1451742263060476,0.31427197415021446
-0.3496362926933143,-0.19112282195676045
-0.2732901698712191,-0.18372861252339945
0.3556078251482474,-0.18372861252339945
1.4474180243275208,0.17177345769182217
-0.2690451722393885,-0.1735262910931148
0.4954693260706642,-0.19066421221311636
-0.3276006057383082,0.30825359394778395
12.398602272100646,0.29988571149207743
-0.3594029789740673,-0.19112282195676045
-0.358780592103235,0.3133547546629263
-0.34638073059973,-0.19066421221311636
-0.176772328979072,0.29850988226114517
-0.2279038042136023,0.3096294231787162
0.1167389358503542,0.17916766712518317
-0.3555729059227916,-0.18372861252339945
6.002380276470263,0.31427197415021446
-0.2869507637541024,-0.19020560246947227
-0.3396781027599976,-0.1855630514979758
-0.2151688113181107,-0.18974699272582818
-0.2798012940583878,-0.1735262910931148
-0.323033243624662,-0.19020560246947227
-0.2758754691808302,-0.1892883829821841
-0.347880842544813,-0.17215046186218252
-0.3237035064086352,-0.18510444175433172
-0.3492022177475031,-0.1790860615519012
-0.2958876008737456,-0.1795446712955453
-0.2985686520096386,-0.1795446712955453
-0.1700697011393395,0.31564780338114673
-0.3600030237521005,-0.18510444175433172
-0.1228640507823668,-0.1892883829821841
-0.3046967688916797,-0.17444351058040297
-0.3599008884707331,-0.19020560246947227
-0.3359916574481447,-0.19112282195676045
0.1333869867132324,0.17223206743546626
-0.3257749375838668,-0.17260907160582661
-0.3542004630794179,-0.18882977323854
0.7870017198235979,0.17223206743546626
-0.3022072214083505,-0.1800032810391894
-0.3071863163750088,-0.1795446712955453
0.5028262580566563,0.17131484794817808
0.1632902820610673,-0.1883711634948959
-0.3487713345292346,-0.19112282195676045
0.0848216604230569,0.18289299860939323
-0.209838626321752,-0.18974699272582818
-0.337252389827523,-0.17862745180825712
-0.3517109155960887,-0.18510444175433172
-0.3002666510623708,-0.18974699272582818
-0.2795714896753112,-0.19066421221311636
-0.2825780970205626,0.30871220369142804
-0.2730029143923734,-0.18510444175433172
-0.2636128519616625,-0.19020560246947227
-0.1943906650149401,-0.19020560246947227
-0.3540408767022814,0.18243438886574914
-0.3579347843044116,-0.1790860615519012
-0.1819429275982941,0.30269382348899754
-0.3598115200995367,-0.18464583201068763
-0.3530322907987788,-0.18882977323854
-0.2504214420275606,-0.19020560246947227
0.1822970195780229,0.31427197415021446
-0.1203234356583539,0.17687461840696272
0.1615954747358779,0.17223206743546626
-0.2151209354049697,-0.1790860615519012
-0.351730065961345,-0.18510444175433172
-0.3148464624775602,-0.18464583201068763
-0.3033562433237332,0.3036110429762857
-0.3621989323014986,-0.17260907160582661
-0.1720326135781183,-0.1883711634948959
0.1867686298653873,0.17733322815060681
-0.3537727715886921,-0.1790860615519012
-0.3612382223111369,-0.1892883829821841
-0.0490010919885153,-0.19020560246947227
-0.0297453997232268,0.18564465707125954
-0.3528918547868986,-0.18974699272582818
-0.2206266654161785,-0.17260907160582661
-0.3249004042371589,-0.19112282195676045
-0.2220948600858342,-0.19020560246947227
-0.3124207495450856,0.17360789666639853
1.702146607785238,-0.18464583201068763
-0.3475935870659672,-0.19066421221311636
-0.3537600046785211,0.2971340530302129
-0.2096918068547865,0.1847274375839696
-0.3032413411321949,-0.18372861252339945
-0.3117058025755141,-0.17398490083675888
-0.3639862997254272,-0.1735262910931148
-0.2599806660180361,-0.1883711634948959
0.4981822944819846,-0.19020560246947227
0.6179199532474905,0.31518919363750264
-0.3583943930705647,-0.17444351058040297
-0.3601689935843224,-0.18510444175433172
6.8910051002793615,0.31473058389385855
3.2222738762886705,0.29850988226114517
-0.3469552415574213,-0.18372861252339945
-0.0735135595166796,-0.18418722226704354
-0.2131835567865328,0.17223206743546626
-0.2534120907350983,0.3031524332326416
-0.2919809263614444,-0.1735262910931148
0.3197966421188198,0.2980512725175011
0.4671267854912242,-0.1790860615519012
0.4934330038984028,0.31473058389385855
-0.3523811783800619,-0.17816884206461303
2.006331009517553,0.30917081343507213
-0.2407345489353758,0.2980512725175011
-0.1643485295189965,0.17314928692275444
-0.3586241974536412,-0.17862745180825712
-0.3198255574442186,0.190287208042756
-0.2567251039244518,0.304986872207218
-0.3607562714521847,0.1838102180966814
0.9482637539200178,0.30917081343507213
-0.1997783011070679,0.2980512725175011
-0.224648242120018,0.30871220369142804
0.2349126481199226,0.30917081343507213
-0.3465850011624647,0.17223206743546626
-0.3653651260238864,-0.19020560246947227
-0.3530067569784369,-0.1795446712955453
-0.3443699422478103,-0.1790860615519012
-0.3527833360504459,0.17360789666639853
-0.2012209619563817,-0.19020560246947227
-0.3539770421514268,0.18982859829911192
-0.3331925123931707,-0.1892883829821841
-0.3543600494565543,-0.1735262910931148
-0.3533642304632227,-0.1735262910931148
-0.2756360896151255,-0.1735262910931148
-0.3622755337625241,-0.18974699272582818
0.3353563138896273,0.30269382348899754
-0.2646342047753361,0.18335160835303732
-0.1020220699283416,-0.17398490083675888
-0.3357714282476964,-0.18464583201068763
-0.3410058614177731,-0.17398490083675888
-0.3512321564646792,0.18845276906817965
0.3822619418575834,0.17314928692275444
1.1637277051470738,0.29988571149207743
0.3010292841675689,-0.19020560246947227
0.0697742609228575,-0.19020560246947227
-0.3032604914974513,-0.19020560246947227
-0.337252389827523,-0.1892883829821841
-0.2724475537999384,-0.18464583201068763
-0.3476255043413946,-0.17398490083675888
0.5393364294179416,0.1740665064100444
-0.2674173911925964,0.18008488661247313
-0.1866826429992478,0.17962627686882904
2.1849783835392214,0.3031524332326416
-0.1258323573971055,-0.17398490083675888
-0.3389631557904261,-0.19020560246947227
0.4917669221210977,0.3096294231787162
-0.3097524653193636,-0.19066421221311636
-0.0044573424021792,0.31473058389385855
-0.2008698719266815,-0.1790860615519012
-0.2534120907350983,0.30779498420413987
-0.3615350529726108,-0.17444351058040297
-0.3066437226927448,-0.19112282195676045
-0.3557133419346717,-0.1790860615519012
0.1085298126104533,0.17870905738153908
3.698878591606788,0.30917081343507213
-0.123227907722238,-0.1860216612416199
-0.2165093368860572,0.31473058389385855
-0.2113195879015786,-0.17862745180825712
0.1626742786453205,-0.18974699272582818
2.354561251339537,0.18891137881182374
0.1544715388605051,0.1847274375839696
-0.346061557845457,-0.19158143170040454
-0.2725720311741049,0.30917081343507213
-0.283152607978254,0.18335160835303732
-0.3185233326067849,0.30917081343507213
-0.3491894508373321,-0.1735262910931148
-0.3358161124332945,-0.19066421221311636
0.8520618940546009,0.190287208042756
-0.3304603936165941,-0.1790860615519012
-0.2815886614823164,-0.19020560246947227
-0.361956361008251,-0.18510444175433172
0.4895710135716997,0.2971340530302129
-0.2917255881580261,0.17687461840696272
-0.1858879028411081,-0.19020560246947227
-0.1087246977680741,-0.18464583201068763
0.4072180595141871,0.3110052524096485
-0.2246961180331589,0.3045282624635739
-0.3013773722472408,-0.1855630514979758
-0.3481680980236586,-0.1735262910931148
0.1884251364600639,-0.18281139303611127
-0.1480467810945044,0.30917081343507213
1.7429400775088668,0.31473058389385855
-0.3296879955512535,-0.19066421221311636
-0.2534057072800129,0.29896849200478925
-0.266855647145076,0.18936998855546783
3.742579725121844,0.3040696527199298
0.4289920248106895,-0.18974699272582818
1.644634869192791,-0.17260907160582661
-0.2246961180331589,0.3031524332326416
-0.3624670374150879,-0.1790860615519012
3.821057921942482,-0.1790860615519012
-0.2936853088692621,-0.19158143170040454
-0.3513470586562174,-0.1892883829821841
-0.3163465744226432,-0.18464583201068763
0.5916935280288801,0.31381336440657037
-0.1864751807089704,-0.17816884206461303
0.014198305085076,0.17916766712518317
-0.2943172709227226,-0.17725162257732485
-0.3316349493523186,-0.1735262910931148
-0.1628180961622576,-0.1790860615519012
0.7771073644411359,0.190287208042756
-0.3590838062197943,-0.1790860615519012
-0.3445135699872331,0.17269067717911035
0.2598049312256717,0.17269067717911035
-0.3599264222910749,-0.1795446712955453
-0.3030370705694602,-0.18327000277975536
-0.3391674263531608,-0.19020560246947227
-0.3516789983206613,-0.19112282195676045
-0.337475810755514,0.18891137881182374
-0.3579347843044116,-0.17260907160582661
-0.2924405351275975,-0.19066421221311636
-0.226371774993092,0.17314928692275444
-0.3332786890368244,-0.1795446712955453
-0.2343510938499164,0.17269067717911035
-0.3549983949651003,-0.18327000277975536
-0.3504406080340822,-0.19112282195676045
-0.3407505232143548,-0.1735262910931148
-0.35346636574459,-0.1860216612416199
-0.3247663516803642,-0.1855630514979758
0.0734335765505971,-0.18327000277975536
-0.3108887203245754,0.2971340530302129
0.4182215402177479,0.17733322815060681
-0.3594029789740673,-0.1795446712955453
-0.3510406528121154,-0.19020560246947227
-0.1705165429953217,-0.17260907160582661
-0.3236045628548106,0.297592662773857
-0.3509449009858335,-0.1883711634948959
-0.335988465720602,-0.17444351058040297
-0.3439677845774263,-0.18327000277975536
-0.2116259937456807,0.304986872207218
-0.3210384139104559,-0.17398490083675888
-0.3181020245711445,-0.1800032810391894
-0.3286730261926654,-0.19020560246947227
-0.3444337767986649,-0.1735262910931148
-0.1496586035035829,0.2971340530302129
-0.3002921848827127,0.1838102180966814
-0.3254270392817093,0.304986872207218
-0.2459689821054526,-0.18464583201068763
-0.0428474412861324,0.18243438886574914
-0.3419506127704211,-0.1860216612416199
0.0434249541938522,0.31473058389385855
-0.3316987839031732,-0.17816884206461303
-0.1968163779474147,-0.19066421221311636
-0.3604626325182536,-0.17862745180825712
0.4496026054178667,0.1838102180966814
-0.3485032294156452,-0.1735262910931148
-0.330473160526765,-0.18464583201068763
-0.3512193895545083,-0.17398490083675888
-0.0747647167134297,0.17223206743546626
-0.3044541975984322,0.297592662773857
4.419235539363175,0.29896849200478925
-0.3173360099608894,0.30917081343507213
0.2029315381417706,-0.18046189078283348
-0.3498916308967327,-0.17260907160582661
-0.3431251685061457,-0.1790860615519012
-0.3452955432352019,-0.17169185211853843
-0.3101865402651748,-0.17260907160582661
0.3949299084746777,-0.18974699272582818
0.2847770075199892,0.17177345769182217
0.1104512325911766,0.31473058389385855
0.0129694899811251,0.30917081343507213
-0.0861719509511458,-0.1735262910931148
-0.3080097820810331,-0.18372861252339945
-0.3588795356570596,-0.1790860615519012
-0.3634245556779067,-0.18510444175433172
-0.2294837093472535,0.178250447637895
-0.2861687905061336,-0.18281139303611127
-0.3604626325182536,-0.18464583201068763
-0.352604599308053,-0.18974699272582818
-0.2733540044220737,-0.18464583201068763
-0.1797087183183833,-0.18882977323854
-0.3659779377120906,-0.18882977323854
0.2955522797042448,0.30917081343507213
-0.3436677621884098,-0.1790860615519012
-0.3430932512307184,-0.17444351058040297
-0.3619180602777383,0.18936998855546783
-0.3589561371180851,-0.17725162257732485
-0.2199244853567779,-0.17816884206461303
-0.2999985459487815,-0.18418722226704354
0.8648160373153488,-0.1855630514979758
0.4935670564551973,-0.19112282195676045
-0.3180062727448627,-0.19066421221311636
-0.3626585410676516,-0.1892883829821841
-0.3435081758112732,-0.17260907160582661
-0.3098673675109019,0.1838102180966814
-0.295351390646567,0.18936998855546783
-0.3321775430345827,-0.18510444175433172
-0.3565304241856105,-0.17169185211853843
-0.2732901698712191,-0.1795446712955453
-0.3578390324781297,-0.1735262910931148
-0.348388327224107,-0.1730676813494707
-0.2374789868417915,-0.1735262910931148
-0.208705563044083,0.297592662773857
0.174608147927587,0.30269382348899754
-0.3609222412844066,-0.19112282195676045
-0.3366395781393188,-0.1790860615519012
-0.2855464036353013,-0.18464583201068763
-0.3592082835939608,-0.19112282195676045
-0.2050191177322301,-0.17398490083675888
-0.3498916308967327,-0.19020560246947227
-0.3629809055494673,-0.1855630514979758
-0.3136336060113229,-0.1860216612416199
-0.3175658143439659,-0.1892883829821841
0.7564249699642471,-0.18510444175433172
-0.3269111925890786,-0.17398490083675888
-0.1815918375685939,0.2980512725175011
0.7271249111219882,0.3036110429762857
-0.2573315321575704,-0.17490212032404706
-0.2335595454193194,-0.19020560246947227
-0.2375428213926461,-0.1892883829821841
-0.3494320221305796,-0.17398490083675888
-0.2917000543376842,0.29896849200478925
5.225066950713864,0.17916766712518317
-0.234248958568549,0.31427197415021446
0.110435273953463,0.18289299860939323
-0.2981218101536564,0.17733322815060681
-0.2416282326473402,-0.17816884206461303
-0.3593710616986399,-0.1892883829821841
-0.2827887510383828,-0.17771023232096894
3.701152697480983,0.2971340530302129
-0.3040584233831337,-0.17398490083675888
0.6849462316448148,0.31427197415021446
-0.2917511219783679,-0.1790860615519012
-0.0581677334912351,-0.17862745180825712
-0.3301029201318083,-0.1892883829821841
-0.3349543459967575,-0.17490212032404706
0.2572706995567443,0.29988571149207743
-0.0275909836318843,0.31427197415021446
-0.2151496609528543,-0.18510444175433172
-0.3628372778100445,-0.17816884206461303
-0.2806311432194975,0.18335160835303732
1.3692877258090397,-0.18464583201068763
0.5458347866949393,0.3096294231787162
-0.3033051756830495,-0.17398490083675888
-0.268071695338856,-0.18510444175433172
0.6829928943886642,0.1777918378942509
-0.3608967074640648,-0.17490212032404706
-0.296462111831437,0.31473058389385855
-0.2087215216817966,0.31473058389385855
-0.3491894508373321,-0.18046189078283348
-0.0568655086538014,-0.19066421221311636
-0.3351841503798341,-0.1795446712955453
-0.3118781558628216,0.18936998855546783
-0.2533737900045856,0.3045282624635739
-0.0312806206712798,0.30223521374535345
-0.3510693783599999,-0.19158143170040454
-0.3523939452902328,-0.1790860615519012
-0.3437635140146916,-0.17260907160582661
-0.2246961180331589,0.29850988226114517
-0.2278080523873204,0.17223206743546626
-0.2151241271325125,0.30269382348899754
-0.2707367878370353,-0.18281139303611127
-0.3358480297087219,0.18845276906817965
4.989996217191819,0.3040696527199298
1.8084183680479675,0.3031524332326416
-0.3515002615782684,-0.17862745180825712
-0.2597680969636903,0.18936998855546783
-0.3626457741574807,-0.18510444175433172
-0.2522503019095448,0.1842688278403255
-0.3592274339592172,-0.19112282195676045
-0.3126441704730767,-0.1735262910931148
-0.1703378062529288,-0.17490212032404706
-0.3506097695938469,-0.18974699272582818
2.226904916540519,0.2980512725175011
-0.3562495521618503,-0.1883711634948959
-0.1768042462544993,0.30871220369142804
-0.3171062055778129,0.178250447637895
-0.2155837358986655,0.2980512725175011
2.61898949479961,0.30871220369142804
6.581978847864725,-0.18372861252339945
1.0894338631349538,0.17360789666639853
-0.308577909583639,-0.18372861252339945
-0.3530322907987788,-0.18882977323854
0.1184784273611418,-0.19066421221311636
-0.3496235257831434,0.1777918378942509
-0.3613052485895342,-0.17490212032404706
-0.1000112815764219,-0.19158143170040454
-0.3103652770075677,-0.17398490083675888
-0.3470956775693015,-0.18974699272582818
-0.1609254017294188,0.17223206743546626
-0.2917383550681969,-0.19066421221311636
-0.0563388736092509,0.1847274375839696
1.4324807394275456,0.1777918378942509
-0.1688728033108159,0.30917081343507213
2.1306551807619614,0.178250447637895
-0.3485032294156452,-0.17260907160582661
-0.3347756092543647,-0.19066421221311636
-0.3635937172376715,-0.19112282195676045
-0.3448167841037924,-0.18974699272582818
-0.2456115086206668,-0.18418722226704354
14.153972627413433,0.3036110429762857
-0.3134038016282464,-0.18974699272582818
0.1879782946040818,-0.1892883829821841
-0.361142470484855,-0.1800032810391894
-0.3351841503798341,-0.19020560246947227
-0.1130016126753319,0.2971340530302129
0.4750263111594802,0.17962627686882904
-0.3610371434759449,-0.1795446712955453
-0.3613531245026752,-0.18510444175433172
1.1426303860896303,-0.1735262910931148
0.5733762036611543,0.1838102180966814
-0.2197648989796415,-0.18464583201068763
-0.3406037037473892,-0.18281139303611127
-0.3534025311937354,-0.1735262910931148
0.8190275139873483,0.3040696527199298
-0.3640820515517091,-0.18372861252339945
-0.0605934464237097,-0.18281139303611127
-0.3576954047387069,-0.19112282195676045
-0.3593279733768131,-0.19112282195676045
-0.2737370117272013,-0.19112282195676045
1.1177540616215949,-0.1883711634948959
0.1474050540809015,0.17269067717911035
-0.3366300029566906,-0.1892883829821841
-0.3248429531413898,-0.1790860615519012
-0.2940204402612487,-0.18372861252339945
0.0503765367819176,-0.1735262910931148
-0.3542004630794179,-0.1860216612416199
-0.093490582206625,0.18936998855546783
-0.3454487461572529,-0.17398490083675888
-0.2932065497378526,0.17687461840696272
-0.3351841503798341,-0.18974699272582818
-0.3572645215204383,-0.1790860615519012
-0.0716368237215546,-0.1860216612416199
0.0835768866813922,-0.1855630514979758
-0.331842411642596,-0.17260907160582661
1.0449060721863317,0.178250447637895
0.9747519007971318,-0.1892883829821841
-0.3528663209665568,0.17314928692275444
-0.295823766322891,-0.19112282195676045
-0.2692558262572087,-0.17398490083675888
-0.2940204402612487,-0.19066421221311636
0.2051497887839677,-0.17169185211853843
-0.3475935870659672,-0.19020560246947227
-0.3290815673181348,-0.19020560246947227
0.0146930228541991,0.297592662773857
0.3112954758087592,0.18564465707125954
0.2169974814225806,0.1838102180966814
-0.3222353117389795,-0.18281139303611127
2.695744158747175,0.29988571149207743
-0.2345585561401938,-0.1883711634948959
0.397713094891938,0.2980512725175011
-0.3265026514636092,0.2980512725175011
-0.1643820426581952,0.18243438886574914
0.9890061560029628,-0.1790860615519012
-0.1842792721595723,-0.19066421221311636
-0.3501469691001511,-0.17260907160582661
-0.3604115648775699,0.1842688278403255
-0.3423751125336042,-0.17398490083675888
0.2695460836860829,0.1745251161536885
-0.3428442964823854,-0.1855630514979758
-0.3544877185582635,-0.1730676813494707
-0.3402781475380307,-0.19158143170040454
0.595498067259814,0.17269067717911035
0.4027432574992801,0.17916766712518317
1.0423399232419766,0.190287208042756
9.7733584922923,-0.1800032810391894
-0.3044414306882613,0.3040696527199298
0.1599916316456562,0.17733322815060681
-0.3101865402651748,-0.17444351058040297
-0.2901744085722594,-0.17169185211853843
-0.2790352794481326,-0.17490212032404706
-0.3304859274369359,-0.17444351058040297
-0.3453721446962274,-0.18464583201068763
-0.1449188881026292,0.297592662773857
0.1214946098890214,0.17269067717911035
2.1499012978446213,-0.19158143170040454
0.2848663758911856,0.18936998855546783
-0.3292603040605277,-0.19020560246947227
0.1583399126422935,0.2966754432865688
-0.3646278369615159,-0.17260907160582661
0.0386285856290151,0.190287208042756
0.3465816196574077,0.3110052524096485
0.0807043318929354,-0.19066421221311636
-0.1544621534553912,0.3096294231787162
-0.3413058838067897,-0.1892883829821841
-0.2963982772805824,-0.19020560246947227
-0.2065511469527404,0.2980512725175011
0.9765903358617442,0.17733322815060681
0.6895901952194866,0.18891137881182374
-0.3047478365323633,-0.18464583201068763
-0.3299241833894155,0.3031524332326416
-0.2100684307048285,-0.1892883829821841
-0.3304859274369359,-0.18046189078283348
-0.3493171199390413,-0.18510444175433172
0.0625785111777734,0.30871220369142804
-0.1261515301513784,0.190287208042756
0.0331156742308352,-0.18464583201068763
-0.3382099080903419,0.17269067717911035
-0.3576954047387069,-0.1892883829821841
-0.3269111925890786,-0.17169185211853843
-0.0491830204584509,0.29850988226114517
-0.1210766833584381,-0.17444351058040297
-0.3117824040365397,-0.18281139303611127
2.1736956266756717,0.1777918378942509
-0.3486564323376963,-0.19112282195676045
-0.2075661163113285,-0.17398490083675888
2.2500577081354804,-0.1795446712955453
-0.3555154548270224,0.17177345769182217
-0.1026604154368876,-0.19066421221311636
0.4675800108022918,0.18936998855546783
-0.2966919162145135,-0.18327000277975536
-0.3151656352318332,-0.17260907160582661
-0.3434571081705896,-0.19112282195676045
-0.3554835375515952,-0.18046189078283348
-0.2713751333455813,0.17687461840696272
-0.3039626715568518,-0.19112282195676045
-0.1921692226452002,0.30871220369142804
-0.31331443325705,-0.17771023232096894
-0.2953769244669089,-0.1795446712955453
-0.307090564548727,-0.18510444175433172
-0.134718126876065,-0.18974699272582818
-0.2814865262009491,0.29850988226114517
-0.3608967074640648,-0.18464583201068763
-0.2806630604949248,-0.18510444175433172
0.0302909953555193,-0.1735262910931148
-0.3269111925890786,-0.19020560246947227
3.7391901104714647,0.18936998855546783
1.2340095456379825,0.17269067717911035
-0.0475552394116587,0.3165650228684349
-0.3369172584355363,-0.1730676813494707
-0.3579347843044116,-0.1790860615519012
0.4079010892083313,0.17177345769182217
-0.2343510938499164,-0.17490212032404706
-0.3344692034102626,0.17314928692275444
-0.3524577798410874,-0.18974699272582818
-0.1950034767031442,0.3031524332326416
-0.3022455221388632,-0.1790860615519012
-0.3404600760079663,-0.18046189078283348
-0.2455221402494704,0.178250447637895
-0.349687360333998,0.1777918378942509
-0.2374789868417915,-0.18464583201068763
-0.2540121355131315,-0.1855630514979758
-0.2352447775618807,-0.18510444175433172
1.929739123674667,0.2971340530302129
0.1659681414694175,-0.17398490083675888
-0.2496203184143354,-0.1795446712955453
-0.3321966933998391,0.17269067717911035
-0.2502139797372831,0.31473058389385855
-0.2485223641396364,-0.1892883829821841
0.1794244647895661,0.2980512725175011
-0.2614169434122645,-0.17398490083675888
-0.351730065961345,-0.1855630514979758
-0.1768361635299266,0.29896849200478925
0.8955906742823491,0.30779498420413987
-0.360232828135177,-0.17725162257732485
-0.2620233716453831,-0.17444351058040297
-0.2935895570429802,-0.19066421221311636
0.2271088742779483,-0.18510444175433172
-0.280235369004199,-0.18510444175433172
-0.2797374595075332,-0.17260907160582661
-0.3302433561436885,-0.18046189078283348
0.3740560103452253,-0.19112282195676045
35.75965408922524,0.31427197415021446
0.6497191347557066,0.1777918378942509
-0.3282836354324524,-0.18510444175433172
-0.3562750859821921,-0.1735262910931148
-0.0854490246627175,0.17223206743546626
-0.312356914994231,-0.19112282195676045
-0.1755211717823219,0.17916766712518317
-0.1155294608891738,0.3036110429762857
-0.2374789868417915,-0.18464583201068763
-0.3434571081705896,-0.1883711634948959
-0.3494064883102378,0.3110052524096485
-0.2932544256509936,-0.18974699272582818
0.0284078761053088,-0.19112282195676045
-0.2445167460735106,-0.18510444175433172
-0.3444976113495194,-0.1860216612416199
-0.0748923858151389,0.1777918378942509
-0.2406707143845212,0.304986872207218
-0.3369204501630791,-0.18464583201068763
-0.2045020578703079,-0.17398490083675888
-0.256581476185029,0.3161064131247908
-0.2037105094397109,0.2980512725175011
-0.2658215274212315,-0.18046189078283348
0.3896795166668872,0.29896849200478925
-0.2917128212478551,0.29896849200478925
-0.3351841503798341,-0.19112282195676045
-0.3429974994044364,0.17269067717911035
-0.3512193895545083,-0.18281139303611127
-0.2206266654161785,-0.1735262910931148
-0.1382800948137514,-0.18372861252339945
-0.3432017699671712,-0.18418722226704354
-0.3321966933998391,0.17687461840696272
0.0637562586410406,-0.17398490083675888
-0.2997655498381622,-0.19112282195676045
0.3210988669562535,0.3031524332326416
0.1142749221873668,0.31473058389385855
-0.360232828135177,-0.18464583201068763
1.6996123761163109,-0.19020560246947227
-0.3627894018969035,-0.17398490083675888
-0.3075693236801364,0.29942710174843334
-0.1691249497866915,0.297592662773857
-0.3300135517606119,0.29850988226114517
-0.0625084829493475,-0.1892883829821841
-0.362607473426968,-0.1790860615519012
0.7062893137230486,0.1745251161536885
0.0026027589223389,-0.1790860615519012
-0.1758531114467658,0.17269067717911035
-0.3498916308967327,-0.1735262910931148
-0.3260175088771143,0.17314928692275444
0.749071229705798,0.18564465707125954
-0.2890700708424749,-0.17169185211853843
-0.2291677283205233,0.30825359394778395
-0.3582443818760564,-0.1855630514979758
0.1142749221873668,0.31473058389385855
-0.36291387927107,-0.17398490083675888
-0.3028966345575801,-0.18510444175433172
-0.0686365998313886,0.17269067717911035
-0.3351841503798341,-0.1892883829821841
-0.3300263186707828,-0.18882977323854
0.2062030588730686,0.31427197415021446
0.3992706579327901,0.17223206743546626
0.391265805255624,0.3165650228684349
1.061490288498355,-0.1892883829821841
-0.2938768125218259,-0.1800032810391894
-0.3572836718856947,-0.19158143170040454
-0.3208501019854349,-0.18464583201068763
0.0091458003849349,-0.17260907160582661
-0.24732227458357,-0.19066421221311636
-0.2266015793761686,0.29896849200478925
-0.3539898090615977,-0.1735262910931148
-0.0236077076585576,0.17870905738153908
-0.2682951162668471,-0.19020560246947227
-0.3452444755945182,-0.18046189078283348
-0.3352096842001759,-0.19020560246947227
-0.3292603040605277,-0.17862745180825712
-0.3523333024669209,0.31427197415021446
-0.1449827226534839,0.17733322815060681
0.1420174179887736,-0.18464583201068763
-0.0637085725054139,0.18799415932453556
-0.2018593074649277,-0.1892883829821841
-0.3450402050317835,-0.18327000277975536
16.3882457418751,0.297592662773857
-0.3151656352318332,-0.1790860615519012
-0.2596934105391905,-0.19112282195676045
-0.3600030237521005,-0.19066421221311636
-0.1349989988998252,-0.19020560246947227
0.0709695628876098,-0.18372861252339945
0.1964682898677429,-0.17816884206461303
-0.3206554066053284,-0.19020560246947227
-0.3285389736358708,-0.19066421221311636
-0.3518832688833961,-0.18464583201068763
-0.3639862997254272,-0.19066421221311636
0.0654223404183455,0.17269067717911035
-0.3518832688833961,-0.19020560246947227
-0.3445295286249468,-0.17398490083675888
-0.3544877185582635,-0.1860216612416199
-0.054248292068763,0.2980512725175011
-0.3538749068700594,-0.18882977323854
0.0374564236889476,0.3040696527199298
0.5101369099932788,0.17962627686882904
0.4818725667386356,0.29850988226114517
-0.3311881074963365,-0.19020560246947227
-0.2853868172581648,0.18891137881182374
-0.3588540018367178,-0.17725162257732485
-0.2907553029850362,0.1777918378942509
0.1156697071235397,0.18891137881182374
-0.3505810440459623,-0.18281139303611127
-0.0978568654850794,-0.17398490083675888
-0.3444146264334085,-0.1795446712955453
1.5374486789890696,0.17360789666639853
-0.1931075905427628,0.18335160835303732
0.4647010725587496,0.18936998855546783
-0.3636160593304706,-0.1730676813494707
-0.1896030737008455,-0.18464583201068763
-0.3469552415574213,-0.19066421221311636
-0.1003942888815494,-0.18046189078283348
-0.3546409214803145,-0.18464583201068763
-0.2317977118157325,-0.17816884206461303
-0.3138889442147413,-0.19020560246947227
-0.3501469691001511,-0.1790860615519012
-0.1928586357944298,-0.17169185211853843
0.2349126481199226,0.2980512725175011
0.7597762838841134,-0.18464583201068763
1.9419762070734927,-0.1790860615519012
-0.290168025117174,-0.17169185211853843
-0.3524130956554892,0.17223206743546626
-0.3225066085801116,0.3040696527199298
-0.3486564323376963,-0.19066421221311636
3.9261455512868575,-0.19158143170040454
-0.3592753098723582,-0.17260907160582661
0.1360169702084417,0.3036110429762857
-0.2406324136540084,0.31473058389385855
-0.2187754634413952,-0.18372861252339945
0.7269972420202792,0.31473058389385855
-0.3310221376641145,0.3100880329223603
-0.2595785083476522,0.3036110429762857
-0.3306774310894997,0.17687461840696272
-0.354257914175187,-0.18974699272582818
-0.0320594021917059,0.1838102180966814
-0.2662683692772137,0.2980512725175011
-0.3559048455872355,-0.18281139303611127
0.0911891568708027,0.3031524332326416
-0.307090564548727,-0.1735262910931148
-0.3121526444314963,0.3036110429762857
0.145898558680733,-0.17444351058040297
-0.3406515796605301,0.17733322815060681
5.068295677270066,0.178250447637895
-0.3438911831164008,-0.19158143170040454
0.006994576021135,0.30269382348899754
0.4981822944819846,0.18289299860939323
-0.3512193895545083,-0.19112282195676045
-0.2610722368376497,0.18936998855546783
0.3088043324616585,-0.1735262910931148
-0.3660290053527743,-0.1883711634948959
-0.2723326516084002,-0.18464583201068763
-0.2725560725363913,0.3036110429762857
0.0170293674154773,-0.17260907160582661
-0.3352990525713723,-0.1892883829821841
0.1278461476990536,0.17360789666639853
-0.3174636790625986,-0.1735262910931148
-0.3341564141110751,-0.19020560246947227
0.2214658999824021,0.2971340530302129
0.9813906940860097,-0.1790860615519012
-0.2916872874275133,0.29896849200478925
-0.351730065961345,-0.18464583201068763
-0.2753967100494207,0.18936998855546783
-0.3367161796003443,-0.17862745180825712
-0.3478042410837874,-0.1790860615519012
-0.1573666255192752,-0.17490212032404706
-0.3561793341559102,-0.19112282195676045
-0.3561314582427693,-0.19066421221311636
-0.3660545391731161,-0.1892883829821841
2.8297073471706278,0.1838102180966814
-0.3557133419346717,-0.18464583201068763
-0.0284527500684213,0.17223206743546626
1.952891915269629,0.297592662773857
-0.3032030404016821,0.31473058389385855
-0.2406483722917221,0.1745251161536885
3.965978311020125,-0.1735262910931148
0.1774455937130737,0.17916766712518317
0.4977131105332031,0.17870905738153908
-0.2981856447045111,-0.1855630514979758
0.6952076356946909,0.30223521374535345
-0.3282836354324524,-0.17816884206461303
-0.3529748397030096,0.31427197415021446
-0.3269111925890786,-0.18372861252339945
-0.0724411390623225,-0.1860216612416199
-0.3165699953506343,-0.1790860615519012
-0.2711836296930175,0.1838102180966814
0.3619402125930231,0.18891137881182374
-0.3456306746271885,0.19120442753004596
-0.3600030237521005,-0.18418722226704354
-0.1372204412695651,0.18564465707125954
-0.3568495969398835,-0.18464583201068763
1.3724634947140557,0.18564465707125954
0.0442994875405602,0.2980512725175011
0.2588027287772546,0.18891137881182374
-0.1590007900211528,-0.18372861252339945
-0.3454998137979366,0.17733322815060681
-0.3469041739167376,-0.19066421221311636
-0.3051563776578327,-0.17398490083675888
0.5700440401065445,0.31564780338114673
-0.2713751333455813,0.18891137881182374
-0.1410888150513535,0.18564465707125954
-0.0311529515695707,-0.1735262910931148
2.3519695685748405,-0.19112282195676045
-0.0331924654693749,0.30223521374535345
-0.2398408652234115,-0.19020560246947227
-0.32040006840191,0.304986872207218
-0.3594987308003492,0.30269382348899754
-0.3409547937770894,-0.1795446712955453
0.2444591052002271,0.3054454819508621
-0.3267101137538867,-0.19112282195676045
-0.2279676387644569,-0.18974699272582818
1.291409573766434,0.2980512725175011
-0.3475935870659672,-0.1790860615519012
-0.2882912893220488,0.30871220369142804
-0.3189957082831089,0.18335160835303732
-0.3508874498900644,-0.17490212032404706
-0.0052808081082034,0.2971340530302129
-0.3435241344489869,-0.17816884206461303
0.3740560103452253,-0.1892883829821841
-0.3184084304152466,-0.18510444175433172
-0.2150985933121706,0.29896849200478925
-0.2277761351118931,-0.18882977323854
-0.2375109041172188,0.17916766712518317
-0.3165699953506343,-0.1855630514979758
-0.3351841503798341,-0.19020560246947227
0.9784734551119546,0.30871220369142804
0.1119258107159177,0.17360789666639853
-0.2534376245554401,-0.1860216612416199
1.786331613452277,-0.18372861252339945
1.0099758059586972,0.3045282624635739
-0.0559973587621789,-0.1892883829821841
-0.2590039973899608,-0.1892883829821841
0.8498149178645191,0.18982859829911192
-0.0763286632093673,0.17223206743546626
-0.1487808784293322,0.18799415932453556
-0.0949236678733107,0.17177345769182217
-0.161691416339674,0.30825359394778395
-0.2956194957601563,-0.18464583201068763
-0.2749498681934386,-0.18510444175433172
-0.3181658591219992,0.17916766712518317
-0.3539898090615977,-0.1855630514979758
0.6051690017142852,0.1838102180966814
-0.3350820150984667,0.30917081343507213
-0.2554803301827872,0.17223206743546626
0.3052710900718567,0.178250447637895
-0.3022550973214914,0.17223206743546626
-0.3590838062197943,-0.1860216612416199
0.7970237443077695,0.18799415932453556
-0.3577305137416769,-0.17725162257732485
3.547064071036848,0.18564465707125954
-0.3055649187833022,-0.18974699272582818
-0.3449444532055016,-0.18464583201068763
-0.1697345697473529,0.18891137881182374
2.18200688519694,-0.17862745180825712
-0.1619307959053787,-0.17444351058040297
4.10639836426252,0.1847274375839696
-0.3449763704809289,-0.1795446712955453
0.9944799687387442,0.17223206743546626
-0.3495086235916051,-0.1892883829821841
-0.3062287981121899,-0.18510444175433172
-0.3409069178639485,-0.18510444175433172
4.112654150246271,0.190287208042756
-0.2624797886839935,0.1838102180966814
-0.1389024816845837,0.29896849200478925
-0.3434571081705896,-0.19066421221311636
-0.0174412900460037,-0.19020560246947227
-0.3495086235916051,-0.1735262910931148
-0.349652251331028,-0.18464583201068763
-0.2326594782522696,0.17269067717911035
-0.3132122979756826,0.1838102180966814
0.0855302239375428,0.17269067717911035
-0.3322413775854372,-0.19020560246947227
-0.2945470753057991,-0.1790860615519012
-0.272677358183015,-0.1795446712955453
1.411383420370102,0.178250447637895
-0.1874199320616184,-0.1790860615519012
-0.3423591538958905,-0.1800032810391894
-0.3390908248921352,-0.17490212032404706
0.5537566544559946,0.18564465707125954
-0.3261834787093362,0.30871220369142804
-0.2662683692772137,0.18936998855546783
-0.3409547937770894,-0.18327000277975536
0.1918402849307848,0.1777918378942509
-0.3409547937770894,-0.19020560246947227
1.0621414009170718,0.17269067717911035
-0.3022455221388632,-0.1735262910931148
-0.0794884734766697,-0.1790860615519012
-0.2113578886320914,0.17962627686882904
-0.3341244968356478,-0.18510444175433172
-0.28851471025004,0.31473058389385855
-0.1242045763503133,-0.1790860615519012
0.4934425790810309,0.2971340530302129
0.2942883555973237,-0.18510444175433172
-0.3334861513271018,0.3036110429762857
-0.293474654851442,0.18936998855546783
1.0422122541402674,0.18335160835303732
0.3989195679030899,-0.1730676813494707
-0.2501820624618558,-0.19112282195676045
-0.1730188573888218,0.1777918378942509
-0.3495469243221179,-0.17816884206461303
-0.0964173963633082,0.190287208042756
-0.3503512396628858,-0.18464583201068763
-0.3369842847139336,-0.19020560246947227
-0.1640692533590076,-0.1883711634948959
-0.2904233633205923,-0.18464583201068763
-0.3469041739167376,-0.18510444175433172
-0.278428851215014,-0.1795446712955453
-0.3156890785488409,0.18936998855546783
-0.2855464036353013,-0.19020560246947227
-0.2565527506371444,-0.1790860615519012
-0.2374470695663642,-0.18372861252339945
-0.3045690997899705,0.17733322815060681
-0.3581135210468045,0.18936998855546783
-0.357245371155182,-0.17260907160582661
-0.342435755356916,0.17314928692275444
1.01477297245542,0.1777918378942509
-0.2358990817081402,0.2980512725175011
0.1754411888162394,0.17314928692275444
-0.1742189469448882,-0.1855630514979758
-0.3246131487583132,-0.17169185211853843
-0.3021689206778377,0.30917081343507213
-0.2884827929746126,0.2966754432865688
-0.1508235840566793,-0.19020560246947227
-0.2514587534789477,-0.18510444175433172
-0.3316349493523186,-0.18974699272582818
-0.293768293785373,0.31518919363750264
0.2277312611487807,0.17223206743546626
-0.2088970666966467,-0.19066421221311636
-0.239025378836244,0.17177345769182217
7.07441134006724,-0.19020560246947227
-0.330166754682663,0.17223206743546626
-0.361413767325987,-0.19020560246947227
-0.0560611933130335,-0.19112282195676045
-0.3589561371180851,-0.1795446712955453
-0.339129125622648,-0.17169185211853843
-0.3363906233909859,-0.17725162257732485
-0.2700633333255193,0.2980512725175011
-0.3604402904254545,-0.19066421221311636
0.0673469521266116,0.17360789666639853
-0.3351841503798341,-0.19066421221311636
-0.3585348290824448,-0.18974699272582818
-0.2804907072076174,-0.18510444175433172
0.2205498741776388,0.1777918378942509
-0.3363906233909859,0.31427197415021446
-0.2929831288098615,-0.17490212032404706
-0.3401249446159797,-0.1800032810391894
-0.3655693965866212,-0.1800032810391894
0.1001419526281595,-0.1795446712955453
-0.337252389827523,-0.1790860615519012
0.3996153645074049,0.18335160835303732
-0.3577432806518478,-0.17444351058040297
-0.3475935870659672,-0.1735262910931148
-0.2935257224921256,-0.17725162257732485
-0.3551484061596086,-0.1790860615519012
-0.2831909087087667,0.18936998855546783
-0.0734369580556541,0.17177345769182217
-0.3120760429704708,-0.18464583201068763
-0.2595019068866266,0.18335160835303732
0.2572706995567443,0.31473058389385855
-0.3427676950213599,0.3100880329223603
-0.0412037016016266,-0.19066421221311636
-0.2580337122169709,0.17177345769182217
-0.2113195879015786,-0.1730676813494707
-0.3267994821250831,-0.1883711634948959
-0.3620329624692766,-0.1730676813494707
-0.3187244114419768,-0.18046189078283348
-0.2406707143845212,0.30917081343507213
-0.3390397572514516,-0.19020560246947227
-0.0314848912340145,-0.19112282195676045
-0.2266143462863395,-0.17444351058040297
0.7576761271609972,0.3031524332326416
0.321022265495228,0.3036110429762857
-0.348895811903401,-0.17816884206461303
-0.2974196300942558,-0.17398490083675888
-0.3448646600169334,-0.1800032810391894
0.3138281116139152,-0.1790860615519012
0.8535572184083697,0.17223206743546626
-0.3045052652391159,0.30825359394778395
-0.3301029201318083,-0.17490212032404706
0.4615093450160199,0.30917081343507213
-0.3415420716449517,-0.18464583201068763
-0.113308018519434,-0.1855630514979758
-0.3447210322775105,0.1777918378942509
-0.2125707450983286,0.18335160835303732
-0.304952107095098,-0.18464583201068763
-0.2281591424170207,0.30871220369142804
-0.3617552821730591,-0.19020560246947227
-0.3044669645086031,0.29850988226114517
-0.3314498291548403,0.178250447637895
-0.1389503575977247,-0.18372861252339945
0.5314847796628265,-0.17771023232096894
0.0657734304480458,-0.18464583201068763
1.6730970995550831,0.17916766712518317
-0.2993538169851501,-0.1735262910931148
-0.0365820801197539,0.17314928692275444
-0.3622755337625241,-0.19158143170040454
0.1742538661703439,0.31473058389385855
-0.3274474028162572,-0.18464583201068763
-0.3628117439897027,-0.18974699272582818
-0.3501469691001511,-0.1735262910931148
0.6836663489001802,0.30871220369142804
-0.3460934751208843,-0.1855630514979758
-0.2408111503964013,-0.19112282195676045
-0.3551484061596086,-0.17169185211853843
-0.3527514187750185,-0.1790860615519012
-0.1773851406672761,-0.1855630514979758
-0.3432017699671712,-0.18464583201068763
-0.3525726820326257,-0.1855630514979758
-0.347325481952378,-0.19066421221311636
-0.3528535540563859,-0.19158143170040454
-0.3286187668244391,0.17870905738153908
-0.2088970666966467,-0.18974699272582818
1.8338883538389503,0.30825359394778395
-0.351730065961345,-0.17260907160582661
0.0146930228541991,0.30917081343507213
0.1228925865527371,-0.19066421221311636
-0.336460841396926,-0.19158143170040454
-0.241500563545631,0.18799415932453556
-0.3388610205090587,-0.18046189078283348
-0.3434762585358459,-0.18464583201068763
-0.3600030237521005,-0.19020560246947227
0.017859216576587,-0.18882977323854
-0.2534503914656111,0.297592662773857
-0.241500563545631,0.18243438886574914
-0.2381492496257647,-0.18510444175433172
-0.3136336060113229,-0.1735262910931148
-0.3584454607112484,0.18936998855546783
-0.1626489346024929,0.2966754432865688
-0.1241231872979736,-0.1790860615519012
-0.1210766833584381,-0.18418722226704354
-0.2955301273889599,-0.18510444175433172
-0.3225193754902825,-0.1892883829821841
-0.2513310843772385,-0.1800032810391894
1.1637277051470738,0.2980512725175011
-0.3520620056257889,-0.1795446712955453
0.3267290743416288,-0.17816884206461303
-0.348270233305026,-0.1800032810391894
-0.3316349493523186,-0.19020560246947227
-0.3503512396628858,-0.18464583201068763
-0.3555601390126207,-0.17260907160582661
-0.3459658060191751,-0.19020560246947227
-0.2702899459810531,-0.18418722226704354
0.2881538552601972,0.1838102180966814
-0.3569134314907381,-0.18974699272582818
-0.3620808383824175,-0.17862745180825712
2.7465947619579447,0.178250447637895
-0.3439231003918281,-0.18510444175433172
-0.3557133419346717,-0.1855630514979758
-0.2917064377927697,0.1838102180966814
-0.0713687186079653,0.18335160835303732
0.3464475671006131,-0.18510444175433172
-0.2934874217616128,0.31381336440657037
-0.3032030404016821,-0.1860216612416199
-0.1808322064134242,-0.1795446712955453
-0.3397100200354248,0.30871220369142804
-0.3510789535426281,0.18936998855546783
0.017859216576587,0.17360789666639853
-0.3130590950536316,-0.1800032810391894
-0.1952843487269044,0.17223206743546626
-0.3369970516241046,-0.19020560246947227
0.1780998978593333,-0.18281139303611127
-0.266300286552641,-0.1892883829821841
-0.3432017699671712,-0.18464583201068763
0.0194231630725246,-0.19066421221311636
0.8592368975706572,-0.18464583201068763
-0.3600413244826133,-0.1795446712955453
-0.3543600494565543,-0.17816884206461303
-0.3572645215204383,0.3031524332326416
-0.3587327161900941,-0.18464583201068763
-0.2848569904860717,-0.1795446712955453
-0.2797055422321058,-0.17260907160582661
-0.3492022177475031,-0.18418722226704354
-0.3481297972931459,-0.17398490083675888
0.6370384012284416,0.31427197415021446
-0.3223917063885733,-0.1790860615519012
0.1812948171296058,0.1777918378942509
4.227735078526934,0.29942710174843334
1.1955907212061447,0.3040696527199298
-0.3340351284644514,-0.18974699272582818
-0.1155294608891738,0.30917081343507213
0.6489914208759645,0.30871220369142804
-0.352604599308053,-0.1892883829821841
2.231098846531665,0.18982859829911192
-0.2343830111253436,-0.18974699272582818
-0.3488447442627174,-0.19066421221311636
0.1874165505565614,-0.19066421221311636
-0.351742832871516,-0.19112282195676045
-0.3638394802584616,-0.18882977323854
-0.3416569738364899,0.2966754432865688
-0.3377311489589324,-0.1800032810391894
-0.3635362661419023,0.2980512725175011
-0.2894275443272607,-0.1730676813494707
-0.3135825383706392,-0.17398490083675888
-0.3368693825223954,-0.19066421221311636
-0.3171062055778129,-0.1735262910931148
-0.1628180961622576,0.2980512725175011
-0.0615190474111013,0.18335160835303732
-0.3635011571389323,-0.1730676813494707
0.003652837283897,0.17131484794817808
-0.3223406387478896,0.31427197415021446
-0.3048882725442435,-0.18510444175433172
0.0548992147099656,-0.18510444175433172
-0.3493809544898959,0.17733322815060681
0.3516756168156044,0.17733322815060681
-0.3444976113495194,-0.18327000277975536
-0.3165699953506343,-0.17398490083675888
-0.3438911831164008,-0.1735262910931148
-0.3579603181247535,0.17269067717911035
-0.272830561105066,-0.17398490083675888
0.8419505011992331,0.31427197415021446
-0.3554835375515952,-0.1790860615519012
-0.1848314410244645,0.3036110429762857
-0.3647267805153405,-0.1892883829821841
2.3524962036193915,0.29896849200478925
-0.2846527199233369,-0.19112282195676045
0.2039688495931577,0.1838102180966814
-0.3517045321410032,0.30871220369142804
-0.3487681428016919,-0.1800032810391894
-0.3475935870659672,-0.18327000277975536
-0.2749498681934386,-0.1730676813494707
-0.3046329343408251,0.178250447637895
-0.3597859862791949,-0.18974699272582818
-0.004482876222521,0.178250447637895
-0.0950641038851908,-0.19158143170040454
-0.351730065961345,-0.18464583201068763
-0.3465977680726356,-0.19112282195676045
-0.3616403799815209,-0.18372861252339945
-0.3546153876599727,-0.19112282195676045
-0.3281176656002304,-0.17169185211853843
-0.3033243260483059,-0.1735262910931148
-0.3544877185582635,-0.19112282195676045
0.7431154661110642,0.1838102180966814
0.3998451688904815,-0.19020560246947227
0.062559360812517,0.30223521374535345
0.5302336224660765,-0.19066421221311636
-0.3440316191282809,-0.18974699272582818
0.2054354483990421,0.1838102180966814
-0.2993729673504064,-0.1735262910931148
1.0670917703358456,0.1740665064100444
0.1377053940785458,0.1847274375839696
0.0528405504449049,-0.18372861252339945
-0.356607025646636,-0.1855630514979758
-0.3364863752172679,-0.17398490083675888
-0.3498916308967327,-0.17260907160582661
-0.3546409214803145,0.18982859829911192
0.2068414043816145,-0.1790860615519012
1.7040329187629912,0.190287208042756
1.2402653316217327,0.31427197415021446
-0.0197776346072819,0.18936998855546783
-0.3459977232946024,0.18891137881182374
-0.3498916308967327,-0.1790860615519012
-0.2009496651152497,-0.17260907160582661
-0.3585731298129576,-0.1795446712955453
-0.0379321808703286,0.1740665064100444
1.6308689483009975,0.1838102180966814
-0.255671833835351,0.18936998855546783
-0.3231449540886575,0.17916766712518317
-0.2850740279589773,-0.18464583201068763
-0.2901744085722594,-0.1735262910931148
-0.3507533973332697,-0.1735262910931148
-0.3475217731962559,-0.19020560246947227
-0.3435720103621278,-0.18510444175433172
-0.3111312916178228,-0.18281139303611127
-0.1819046268677814,0.31564780338114673
-0.2587997268272261,-0.18510444175433172
-0.3087183455955192,-0.19020560246947227
0.1295952143924695,0.17223206743546626
-0.3081438346378278,-0.19066421221311636
-0.3604243317877408,-0.19020560246947227
-0.2891722061238422,-0.1735262910931148
-0.320706474246012,-0.1735262910931148
-0.0735837775226197,-0.17725162257732485
0.0019324961383657,0.3031524332326416
-0.3349543459967575,-0.17398490083675888
0.4582218656470082,0.3031524332326416
-0.0300166965643588,-0.17398490083675888
-0.363067082193121,-0.1790860615519012
-0.353195068903458,-0.18974699272582818
-0.2726629954090727,-0.19112282195676045
-0.3172338746795221,0.2966754432865688
-0.3087502628709465,0.178250447637895
1.0248173390323905,0.17269067717911035
-0.361343549320047,-0.18372861252339945
1.141960123305657,0.3096294231787162
-0.3278687108518975,-0.18327000277975536
5.21713550777018,0.31473058389385855
0.4396779286237485,0.297592662773857
0.1423493576532176,0.3100880329223603
-0.286057080042138,-0.18510444175433172
-0.3498277963458781,-0.19066421221311636
0.6747007862326523,0.18845276906817965
-0.2589273959289353,-0.19020560246947227
-0.339614268209143,-0.1735262910931148
-0.0657193608573337,-0.1855630514979758
-0.3121526444314963,0.18891137881182374
-0.3364097737562423,-0.18464583201068763
-0.2342617254787199,0.30871220369142804
-0.313620839101152,-0.18510444175433172
-0.3219320976224202,-0.1790860615519012
-0.239681278846275,-0.18418722226704354
1.7821823676467288,-0.19020560246947227
0.7551610458573261,0.31564780338114673
-0.2745509022505973,-0.19020560246947227
-0.3391163587124771,-0.17862745180825712
-0.3630255897350656,-0.1883711634948959
-0.252352437190912,0.30269382348899754
-0.0811800890743165,-0.19020560246947227
-0.1195127368625006,-0.19066421221311636
-0.2918277234393934,0.297592662773857
-0.2356022510466664,0.17962627686882904
-0.2368661751535874,-0.1790860615519012
-0.3597732193690239,-0.19066421221311636
7.930151795003594,0.2980512725175011
1.0758211451652115,-0.1892883829821841
0.014683447671571,0.2980512725175011
-0.3435241344489869,-0.19020560246947227
1.2543855342707693,-0.18372861252339945
-0.3013135376963862,0.17733322815060681
-0.3471978128506688,-0.18464583201068763
-0.0268888035724837,-0.17260907160582661
0.0357584246362154,0.18335160835303732
-0.3171445063083257,-0.18510444175433172
-0.3508970250726925,-0.19066421221311636
0.3593900222863821,0.17314928692275444
-0.3491894508373321,-0.1855630514979758
-0.305909625357917,0.17177345769182217
0.6466295424943445,0.30269382348899754
-0.3644969761322639,-0.19020560246947227
-0.3062287981121899,-0.18464583201068763
-0.2194648765906248,-0.18464583201068763
-0.3320179566574462,0.17223206743546626
0.4981822944819846,-0.18974699272582818
-0.2470541694699807,-0.1860216612416199
-0.2711453289625047,0.29896849200478925
-0.2831334576129976,0.1838102180966814
0.9433325348665004,0.18891137881182374
-0.3083991728412462,-0.1860216612416199
-0.3469552415574213,-0.1730676813494707
-0.3434954089011023,-0.19066421221311636
-0.221967190984125,-0.18418722226704354
-0.3654225771196556,-0.18464583201068763
0.0720866675275652,0.31427197415021446
-0.3501214352798092,0.178250447637895
-0.306382001034241,0.17360789666639853
-0.1100333060605933,-0.1790860615519012
-0.211255753350724,0.1777918378942509
-0.3636288262406414,-0.18372861252339945
-0.2007581614626859,0.3100880329223603
-0.3109685135131436,0.2980512725175011
-0.328902830575742,-0.17725162257732485
-0.2726518243626732,0.18891137881182374
-0.3037871265420017,-0.19066421221311636
-0.0029508470020107,-0.19066421221311636
-0.0147123629969698,-0.1892883829821841
2.0048372810275548,0.18891137881182374
-0.3606924369013301,-0.17862745180825712
-0.3379545698869235,-0.1795446712955453
-0.1203234356583539,0.17223206743546626
0.0950862562004756,0.18243438886574914
-0.3550941467913822,-0.1790860615519012
-0.3332786890368244,-0.18510444175433172
-0.3409547937770894,-0.18882977323854
-0.286389019706582,-0.18046189078283348
-0.2949300826109267,-0.18281139303611127
-0.3471850459404978,-0.19112282195676045
0.0831747290110083,0.1847274375839696
-0.0475328973188596,-0.17862745180825712
-0.3413122672618752,-0.1892883829821841
-0.3387461183175205,-0.17398490083675888
-0.2368278744230746,-0.1795446712955453
-0.2651448811821728,-0.18464583201068763
-0.359677467542742,-0.18510444175433172
0.3545545550591465,0.17131484794817808
-0.1002219355942421,0.2980512725175011
-0.2648895429787544,0.17177345769182217
-0.337252389827523,-0.17771023232096894
-0.3083991728412462,-0.19066421221311636
-0.3427676950213599,0.297592662773857
-0.3432017699671712,0.18564465707125954
-0.3597349186385112,0.17916766712518317
-0.2305465546189825,-0.1790860615519012
-0.3540664105226232,-0.18974699272582818
4.457501160872962,0.3031524332326416
-0.171576196539508,-0.19112282195676045
-0.3572198373348402,-0.1730676813494707
0.9881284309287122,-0.19020560246947227
-0.2662045347263591,-0.1795446712955453
