Actual Sales,Predicted Sales,Prediction Error
47.94,93.7678010711741,-45.82780107117411
11.36,65.5986444031953,-54.238644403195295
10.95,333.37260030767226,-322.42260030767227
17.48,221.8129472262382,-204.33294722623822
21.12,54.91448333520243,-33.79448333520243
88.832,210.74818902522236,-121.91618902522237
6.672,143.4769278389323,-136.80492783893231
22.48,36.26334197419324,-13.783341974193238
251.58,72.44984098729543,179.13015901270458
38.256,33.1163439578454,5.1396560421545985
5.4,134.37484535739884,-128.97484535739883
556.665,512.4384953537758,44.22650464622416
199.98,201.3872078918394,-1.4072078918394197
2399.96,2234.674130145568,165.2858698544319
971.5,85.14865339064288,886.3513466093572
3347.37,220.1599306976936,3127.2100693023062
14.016,41.83949237852616,-27.82349237852616
370.62,631.6807998193683,-261.0607998193683
595.38,96.62219830175665,498.7578016982433
4.554,138.78998695560938,-134.23598695560938
806.336,360.3080987996209,446.0279012003791
387.136,216.51424801227665,170.62175198772337
45.408,234.44070586923505,-189.03270586923503
1126.02,275.04941148613386,850.9705885138661
1801.632,267.95688719760835,1533.6751128023916
22.72,62.98762777910084,-40.26762777910084
96.53,114.95216831667771,-18.422168316677713
7.3,230.6695270219043,-223.36952702190428
3.168,131.53950047475294,-128.37150047475293
44.688,267.1860990021314,-222.49809900213143
71.632,30.572144302405704,41.0598556975943
0.984,112.46689622355174,-111.48289622355175
422.856,261.28142376483993,161.57457623516007
15.552,60.25582693631177,-44.70382693631177
7.992,360.16630419570265,-352.17430419570263
383.84,349.21912660136155,34.62087339863842
69.264,532.4359019371806,-463.17190193718056
79.96,339.66327323985934,-259.70327323985936
34.7,21.67125197227459,13.028748027725413
212.058,513.9251554563873,-301.8671554563873
24.0,226.64239818478842,-202.64239818478842
5.248,12.613313002002016,-7.365313002002016
126.3,73.26477011533068,53.03522988466932
558.4,1328.2100066321677,-769.8100066321678
85.246,502.18212376158385,-416.9361237615839
32.04,93.37900973242238,-61.339009732422376
82.56,144.9400260950148,-62.380026095014784
107.44,247.56157957054063,-140.12157957054063
1013.832,518.1717784546358,495.66022154536415
62.91,226.30938626517542,-163.39938626517542
906.68,510.75362030044744,395.9263796995525
512.94,499.1088422219305,13.831157778069553
81.08,216.96804415058432,-135.88804415058434
54.816,61.51049295620052,-6.69449295620052
14.72,234.97070912289735,-220.25070912289735
7.184,118.83038338026967,-111.64638338026967
10.78,120.02906538630155,-109.24906538630155
319.984,2228.7694549082767,-1908.7854549082767
21.2,221.1433859855053,-199.9433859855053
1325.85,267.37370018948076,1058.476299810519
44.67,97.98133515466809,-53.311335154668086
657.93,364.99533327710094,292.934666722899
59.976,228.65601189755824,-168.68001189755824
824.95,383.8948710966459,441.05512890335416
7.24,14.855503659327255,-7.6155036593272545
13.128,140.39170146192902,-127.26370146192902
170.88,212.40568295068067,-41.525682950680675
307.98,367.1992871394848,-59.21928713948478
127.104,101.3245754755997,25.779424524400298
359.88,340.73758015719005,19.142419842809943
43.512,217.78295059898326,-174.27095059898326
70.464,129.70754039393614,-59.243540393936144
11.56,61.33013385364251,-49.770133853642506
11.96,51.92503014787134,-39.96503014787134
122.328,215.6666700124374,-93.3386700124374
304.99,122.56647055971476,182.42352944028525
575.92,362.08818911287267,213.8318108871273
388.704,514.7867952813833,-126.08279528138331
83.7,264.54241082659667,-180.84241082659668
6.264,38.29820013180783,-32.03420013180783
11.62,14.344115932782074,-2.724115932782075
18.496,77.56874331881495,-59.07274331881496
128.85,360.16770391940497,-231.31770391940498
254.352,265.192414803379,-10.84041480337899
159.96,216.7031482428588,-56.74314824285878
2.412,140.0029101231773,-137.59091012317728
107.94,34.877381923160556,73.06261807683944
90.64,201.2627099632614,-110.62270996326139
16.784,248.869748190714,-232.085748190714
895.92,120.87666864447972,775.0433313555202
965.85,248.67535252133814,717.1746474786619
2735.952,341.26816609986,2394.68383390014
41.96,108.27530516020703,-66.31530516020703
205.9992,500.2357502047189,-294.2365502047189
2.672,17.79300662724772,-15.12100662724772
53.2,96.11081057521146,-42.91081057521146
170.072,504.91392460437294,-334.84192460437293
493.43,493.00977131526315,0.4202286847368555
19.44,58.7927286802293,-39.352728680229305
8.72,64.22399711769181,-55.50399711769181
120.666,524.0198029306437,-403.35380293064367
2519.958,1312.1417581755068,1207.8162418244933
62.28,72.00527022940501,-9.725270229405012
3930.072,216.6216867600397,3713.4503132399605
18.656,21.429205161231025,-2.773205161231026
363.92,497.2895695442623,-133.36956954426228
18.936,31.35669194711251,-12.420691947112509
131.104,512.5610917415693,-381.45709174156923
67.136,249.0523426235435,-181.9163426235435
87.92,51.11204821110766,36.80795178889234
361.96,226.85918625055362,135.10081374944636
22.512,261.93320637160105,-239.42120637160104
75.33,98.7844313399218,-23.454431339921797
62.808,71.28028861735923,-8.472288617359233
32.4,71.66406808152347,-39.26406808152347
8.544,87.189087196236,-78.645087196236
86.352,21.832976090210167,64.51902390978984
14.94,25.20207039948052,-10.26207039948052
14.301,130.7818473112669,-116.48084731126688
96.256,60.34575177266494,35.91024822733506
450.04,267.0474827518942,182.9925172481058
95.92,32.23643270989052,63.68356729010948
287.968,1326.3581170373336,-1038.3901170373335
47.984,199.8512954112261,-151.86729541122608
2.97,380.968674584481,-377.99867458448097
15.008,267.9242156461681,-252.91621564616807
33.62,191.70685660175917,-158.08685660175917
862.344,361.8038686071436,500.54013139285644
6.16,95.15910004567421,-88.99910004567421
327.7328,502.4238300728472,-174.69103007284718
18.84,95.23089932725661,-76.3908993272566
26.8,103.72018604509474,-76.92018604509474
111.9,87.66873016450675,24.23126983549325
61.44,195.3580347259699,-133.9180347259699
21.84,62.53383164079319,-40.69383164079319
1478.272,634.9186790134266,843.3533209865733
82.656,45.09421372364966,37.56178627635035
494.97,368.16764935801865,126.80235064198138
8.288,133.35871851814687,-125.07071851814688
10.896,151.5842177000452,-140.6882177000452
78.6,122.99294923102556,-44.39294923102557
1117.92,263.182856610371,854.7371433896291
23.952,263.182856610371,-239.230856610371
523.25,235.5496631197941,287.7003368802059
109.53,217.81012671162978,-108.28012671162978
209.7,46.751707649108,162.948292350892
981.372,513.7307597870115,467.64124021298846
119.04,29.32477095341875,89.71522904658126
2.032,98.06624420990248,-96.03424420990248
307.98,368.6424558815499,-60.662455881549874
37.94,70.00657415606514,-32.066574156065144
38.52,67.64492966740536,-29.12492966740536
2177.584,118.17717579146736,2059.4068242085323
2321.9,1346.6299014834422,975.2700985165579
335.944,221.92009149692802,114.023908503072
310.688,45.612998429773185,265.0750015702268
26.046,108.62132242996516,-82.57532242996515
842.376,530.3754007697735,312.0005992302265
17.94,65.79304007257116,-47.85304007257116
15.232,92.49230400244106,-77.26030400244106
79.12,94.89610877766476,-15.77610877766476
57.06,229.9573860357051,-172.8973860357051
14.07,22.147887072041172,-8.077887072041172
131.94,21.67125197227459,110.26874802772541
27.936,133.15752836674451,-105.22152836674451
44.416,219.3846651053029,-174.9686651053029
12.96,51.121072903338,-38.161072903338
47.04,94.7017131082889,-47.6617131082889
58.58,209.14097908010893,-150.56097908010895
230.28,512.022322887154,-281.74232288715405
3.15,42.05532295481544,-38.90532295481544
51.75,36.58898230697258,15.161017693027418
21.5,21.67125197227459,-0.17125197227458955
54.336,12.47151839808383,41.86448160191617
3.312,98.61270414682808,-95.30070414682808
122.352,515.6667065293383,-393.3147065293383
718.116,612.5836879767664,105.53231202323354
15.47,39.512796260160755,-24.042796260160756
3.52,53.19373273457795,-49.673732734577946
14.82,92.84842378975252,-78.02842378975251
1218.735,620.8313727180952,597.9036272819047
7.56,39.26941565367267,-31.709415653672668
41.22,372.13780283502456,-330.91780283502453
387.136,512.022322887154,-124.886322887154
15.552,37.08451413922543,-21.532514139225434
21.72,60.02875971549562,-38.30875971549562
37.392,261.67021510359166,-224.27821510359166
102.96,261.648885865872,-158.688885865872
8.4,46.35514546017167,-37.95514546017167
58.112,206.63588189647248,-148.5238818964725
339.96,365.08618490662,-25.12618490662004
962.08,217.97734626835913,744.1026537316409
2.907,136.54612766834242,-133.6391276683424
307.92,512.7473044991998,-204.82730449919978
158.368,267.21603159130694,-108.84803159130695
15.488,93.7610065891477,-78.2730065891477
141.76,61.94746627898458,79.81253372101541
915.136,525.7917103321502,389.3442896678498
175.23,199.46250407247436,-24.23250407247437
3.798,120.76718203033825,-116.96918203033825
8.608,131.3124332539368,-122.7044332539368
2803.92,518.3729686060382,2285.547031393962
45.98,34.57944221392786,11.400557786072135
36.63,271.21927398306735,-234.58927398306736
40.98,123.14965756784235,-82.16965756784236
3.76,132.93079944925302,-129.17079944925302
23.32,16.58430208557712,6.735697914422879
6.08,16.778697754952987,-10.698697754952986
16.52,40.59222469873296,-24.072224698732963
111.15,111.66028833345943,-0.5102883334594281
175.872,44.93248960571408,130.93951039428595
182.94,64.97228728562287,117.96771271437713
14.832,141.29024769450632,-126.45824769450633
663.072,280.2305048350818,382.84149516491823
719.976,2234.0909431374407,-1514.1149431374406
14.352,72.6952048894094,-58.34320488940939
435.84,218.53510832367556,217.30489167632442
121.792,216.93537259914405,-95.14337259914404
1.728,128.44023753093177,-126.71223753093177
1184.72,623.0194525862235,561.7005474137766
3.6,122.97389688308894,-119.37389688308895
184.66,78.48132611821012,106.17867388178988
37.056,228.8504075669341,-191.79440756693413
33.48,97.87184854052661,-64.39184854052661
109.9,57.8100947236415,52.08990527635851
122.382,367.72987308215477,-245.34787308215476
62.82,65.26245412990124,-2.442454129901243
521.96,650.889281358542,-128.92928135854197
12.192,64.71873315524041,-52.526733155240414
62.94,251.21275769475136,-188.27275769475136
35.97,44.946047993249124,-8.976047993249125
191.058,493.90176746881474,-302.84376746881475
10.896,50.92667723396214,-40.03067723396214
108.08,131.98736306537484,-23.907363065374838
24.32,18.8954731222897,5.424526877710299
735.98,116.5722829314667,619.4077170685333
747.558,502.5382435488953,245.01975645110468
479.984,2256.1110731385265,-1776.1270731385266
61.68,268.723611661975,-207.04361166197498
38.24,362.15998839445507,-323.91998839445506
1071.576,638.0734166121819,433.50258338781816
14.62,31.955748618652407,-17.33574861865241
2518.29,215.1360840697675,2303.1539159302324
479.984,2261.578775053034,-1781.594775053034
12.96,61.89928429495225,-48.93928429495225
77.56,133.07347121925196,-55.513471219251954
99.68,146.40312435109726,-46.723124351097255
17.52,118.03538118754918,-100.51538118754918
8.682,132.3285600931888,-123.6465600931888
33.29,254.6372321598095,-221.34723215980952
7.184,121.75657989243459,-114.57257989243459
37.464,43.6311154675672,-6.1671154675672
23.84,17.85300467228373,5.986995327716269
220.776,232.82882622764888,-12.052826227648865
8.69,119.64027404754982,-110.95027404754983
29.2,20.369877834127692,8.830122165872307
32.4,46.893502253026185,-14.493502253026186
96.08,78.73150120672467,17.348498793275326
24.2,33.699530965973,-9.499530965972998
16.34,57.68575021145828,-41.34575021145828
289.568,514.2185856670276,-224.6505856670276
59.98,358.7603850824612,-298.7803850824612
913.43,503.4981369901779,409.93186300982205
1044.63,625.3869485335002,419.2430514664999
79.92,64.71873315524041,15.201266844759587
1013.488,513.8542829679708,499.63371703202927
321.568,512.2167185565298,-190.64871855652984
225.296,512.3585131604481,-287.0625131604481
179.97,230.472535687855,-50.50253568785499
2.864,119.1423596563202,-116.27835965632019
490.32,217.03891663900083,273.28108336099916
18.16,137.37785693226496,-119.21785693226497
204.85,32.954619839909824,171.89538016009016
109.8,110.58598141612872,-0.7859814161287204
27.96,218.60598081209213,-190.64598081209212
10.43,121.6865593117599,-111.2565593117599
383.976,221.92009149692802,162.05590850307198
7.92,356.0285842396721,-348.1085842396721
19.44,59.88696511157743,-40.44696511157743
16.0,2.5301621224769235,13.469837877523076
4.176,143.28253216955645,-139.10653216955646
95.84,361.9982642765195,-266.1582642765195
60.416,247.56157957054063,-187.14557957054063
695.16,237.36631969239238,457.7936803076076
17.48,71.4746842867351,-53.994684286735094
2.624,31.318455152171126,-28.694455152171127
177.48,358.2835610163854,-180.80356101638543
26.976,127.85565079910194,-100.87965079910194
20.7,29.823448169662868,-9.123448169662868
55.328,12.0827270593321,43.2452729406679
141.96,503.4132279349435,-361.45322793494347
5.04,0.32215274033124786,4.717847259668752
52.776,137.46550494976407,-84.68950494976406
863.928,349.2073253648151,514.7206746351849
35.88,122.56647055971476,-86.68647055971476
4899.93,2237.211535318981,2662.718464681019
26.4,51.121072903338,-24.721072903338005
2.068,111.19819363684513,-109.13019363684514
957.5775,641.7803741555314,315.7971258444686
12.72,49.24900872422096,-36.52900872422096
1133.35,518.310394704873,615.0396052951269
1415.76,367.7598056713303,1048.0001943286697
180.96,145.81993734296967,35.14006265703034
542.94,534.0933958626389,8.846604137361169
276.69,93.7678010711741,182.92219892882588
871.8,217.81562215042356,653.9843778495764
143.952,222.6928584741931,-78.74085847419309
81.088,132.6337369061011,-51.5457369061011
1793.98,135.28060343531683,1658.6993965646832
349.95,217.97185082956537,131.97814917043462
71.96,351.3354324462463,-279.3754324462463
106.32,80.19459946280715,26.125400537192846
555.21,198.6858387563814,356.52416124361866
535.41,251.21275769475136,284.1972423052486
29.2,122.67595717385623,-93.47595717385623
11.52,34.96823355267959,-23.448233552679593
36.84,58.760057128789015,-21.92005712878901
10.744,261.6162143144317,-250.87221431443172
397.6,97.53478110115184,300.0652188988482
859.2,365.73618888340235,493.4638111165977
111.672,266.88575863395863,-155.21375863395863
22.74,41.80682082708587,-19.066820827085873
191.976,234.44070586923505,-42.46470586923505
22.911,134.2062965179861,-111.29529651798609
239.358,504.1957374743537,-264.8377374743537
82.4,150.50991078271448,-68.10991078271448
47.992,519.9746831123578,-471.98268311235773
12.84,34.01652302314231,-21.176523023142312
386.34,240.1938060771667,146.14619392283328
26.88,234.08656486371163,-207.20656486371163
85.246,522.7064839551468,-437.46048395514686
84.95,369.3873670076131,-284.4373670076131
698.352,516.9098703499557,181.4421296500443
33.36,59.4981737728257,-26.138173772825702
14.94,64.32994181648868,-49.38994181648869
25.02,107.91918537289557,-82.89918537289557
177.55,264.510077578481,-86.96007757848099
16.4,26.33175747259905,-9.931757472599053
47.3,24.868659216516576,22.43134078348342
2244.48,641.410217801402,1603.069782198598
50.94,67.85935606764568,-16.91935606764568
25.92,39.26941565367267,-13.349415653672665
7.31,46.47728927450312,-39.16728927450312
8.56,35.62141588314297,-27.06141588314297
2.862,136.1573363295907,-133.2953363295907
9.84,37.79952291556371,-27.959522915563713
25.92,138.92860320584654,-113.00860320584654
43.6,368.3062656082558,-324.70626560825576
23.36,46.7439367989234,-23.3839367989234
362.92,259.9587203889734,102.96127961102661
43.56,204.45332272547688,-160.89332272547688
29.9,51.709275692584384,-21.809275692584386
207.184,512.9417001685756,-305.75770016857564
12.39,35.72812340695434,-23.338123406954338
223.888,54.23264039264846,169.65535960735156
25.696,260.20711684750916,-234.51111684750916
1088.76,284.61979960332917,804.1402003966708
6.63,23.4055609604341,-16.775560960434102
8.736,94.55686068960993,-85.82086068960993
7.27,231.51710502174353,-224.24710502174352
45.36,43.42491856164493,1.9350814383550698
799.92,233.85751886110745,566.0624811388925
7.04,114.61915639706466,-107.57915639706465
43.57,281.4992074217884,-237.92920742178842
17.52,366.5679181473249,-349.04791814732494
126.56,352.06041405829205,-225.50041405829205
25.92,78.89322532466025,-52.97322532466025
159.98,225.34102404664156,-65.36102404664157
12.128,118.76036279959496,-106.63236279959496
25.92,57.68575021145828,-31.765750211458275
11.232,128.0500464684778,-116.8180464684778
5.46,41.61242515771001,-36.152425157710006
105.584,362.3475895818044,-256.7635895818044
517.405,614.7717678448947,-97.36676784489475
5.04,39.72862683645002,-34.68862683645002
579.51,266.8499087288373,312.6600912711627
196.21,134.69423807350822,61.51576192649179
3.744,136.7405233377183,-132.9965233377183
27.88,215.04565431740048,-187.16565431740048
174.3,137.46550494976407,36.834495050235944
98.21,268.64919725821386,-170.43919725821388
146.82,49.26099820030288,97.55900179969711
1554.936,247.95037090929236,1306.9856290907076
564.195,649.5879072203951,-85.39290722039505
191.82,102.06948660166289,89.7505133983371
13.776,131.80476863254535,-118.02876863254535
8.67,31.759953225574307,-23.089953225574305
146.82,70.21500639225886,76.60499360774114
49.12,64.71873315524041,-15.598733155240417
7.36,216.21791583106057,-208.85791583106055
323.37,212.37103261745233,110.99896738254768
60.84,100.27337642596738,-39.43337642596738
99.98,373.420541988549,-273.440541988549
449.568,530.3754007697735,-80.8074007697735
111.04,237.01276137587655,-125.97276137587654
26.55,67.1411689376264,-40.591168937626406
340.92,263.27370823989,77.64629176010999
39.98,98.61270414682808,-58.63270414682808
1022.97,368.6424558815499,654.3275441184501
371.97,231.19072281787425,140.77927718212578
110.97,367.5354774127789,-256.56547741277893
19.04,207.40667009194942,-188.36667009194943
510.24,624.2558471831534,-114.01584718315337
47.12,95.23089932725661,-48.11089932725661
1287.45,190.1038400242042,1097.346159975796
67.15,247.20545978322917,-180.05545978322917
39.99,368.4679897261914,-328.47798972619137
172.736,257.4358499712533,-84.69984997125329
179.7,370.65606959431966,-190.95606959431967
121.536,22.027371759586032,99.50862824041397
75.88,46.013591005071305,29.86640899492869
29.34,56.74193094384334,-27.401930943843343
8.32,124.33345109931457,-116.01345109931458
88.8,34.82794434165743,53.97205565834257
70.97,198.4605895025225,-127.49058950252251
15.8,21.571494545940084,-5.771494545940083
167.94,49.59299510603854,118.34700489396145
10.368,30.16706471138204,-19.799064711382037
43.176,365.1048198912424,-321.9288198912424
50.232,367.34108174340304,-317.10908174340307
20.16,120.22346105567742,-100.06346105567742
6.16,80.98186891398966,-74.82186891398966
3.38,29.465165833634686,-26.085165833634687
68.81,213.91832445746005,-145.10832445746004
70.56,81.9012461954113,-11.341246195411301
10.272,26.060546740521985,-15.788546740521985
34.36,346.80579747937435,-312.44579747937433
12.39,42.05532295481544,-29.665322954815437
796.425,628.8904805951759,167.5345194048241
12.96,58.40393734147757,-45.44393734147757
5.16,35.16262922205546,-30.002629222055457
45.92,3.2551437345227043,42.6648562654773
35.168,262.00500565318345,-226.83700565318344
14.352,115.85469829899927,-101.50269829899926
207.846,520.3566799690831,-312.51067996908307
599.165,508.5620679757062,90.60293202429375
191.96,520.9103737794513,-328.9503737794513
44.46,83.36434445149375,-38.90434445149375
50.12,22.540290137366156,27.57970986263384
6.79,229.94334946888728,-223.15334946888728
1091.93,365.5417932140265,726.3882067859736
45.68,74.50393055641285,-28.823930556412854
8.288,112.20352017478854,-103.91552017478854
51.465,133.81750517923436,-82.35250517923436
36.24,209.6715650227789,-173.4315650227789
438.368,359.58311718757506,78.78488281242494
161.94,240.91878768921248,-78.97878768921248
2.043,150.31551511333862,-148.2725151133386
807.75,261.42181864505585,546.3281813549441
83.92,267.9600655512894,-184.0400655512894
78.304,56.62597804982069,21.678021950179314
94.99,231.35244693580984,-136.36244693580983
63.84,274.714620936542,-210.87462093654202
15.24,100.95571365086538,-85.71571365086538
19.92,61.33013385364251,-41.410133853642506
43.056,77.37434764943909,-34.31834764943909
10.368,61.653920392838316,-51.285920392838314
124.2,100.41199267620452,23.788007323795483
143.856,50.402885773318715,93.45311422668128
36.288,37.92083589965158,-1.6328358996515817
198.272,512.949883080321,-314.677883080321
232.55,261.7388107022252,-29.18881070222517
333.576,359.61578873901533,-26.039788739015307
33.93,151.97300903879693,-118.04300903879692
4.56,37.60512724618785,-33.045127246187846
52.76,59.86703559756004,-7.107035597560042
71.984,365.59757263316516,-293.6135726331652
16.74,126.11354141256636,-109.37354141256637
13.44,41.64482824839314,-28.20482824839314
23.616,33.41884687473488,-9.802846874734882
113.73,365.7393672370834,-252.00936723708338
70.95,23.81168069873513,47.13831930126487
76.12,216.96804415058432,-140.84804415058431
113.92,100.41199267620452,13.508007323795482
31.44,261.648885865872,-230.208885865872
275.058,515.3882537124698,-240.3302537124698
13.11,215.77021405229425,-202.66021405229424
95.84,349.87233419016377,-254.03233419016377
8.85,118.17717579146736,-109.32717579146737
4.28,57.68575021145828,-53.405750211458276
839.43,202.72580821934383,636.7041917806562
74.112,222.85939829236708,-148.74739829236708
3.304,37.66770114735303,-34.36370114735303
53.088,202.3370168805921,-149.2490168805921
657.504,354.986610570457,302.517389429543
863.128,621.9451456688927,241.18285433110736
62.24,60.02875971549562,2.2112402845043846
221.024,248.48095685196228,-27.456956851962275
10.368,65.82571162401145,-55.457711624011445
79.96,221.0075086975329,-141.04750869753292
261.96,517.5136440039269,-255.55364400392688
8.832,232.45641181718256,-223.62441181718256
1319.96,221.58390122363397,1098.376098776366
45.36,46.27800725512188,-0.9180072551218785
15.58,262.00500565318345,-246.42500565318343
79.9,218.50243677223528,-138.60243677223528
1196.86,89.97940642042845,1106.8805935795715
33.75,126.11354141256636,-92.36354141256636
5.588,202.00082660729805,-196.41282660729806
19.76,93.7678010711741,-74.0078010711741
18.336,138.20679994748178,-119.87079994748179
16.821,130.23812633660606,-113.41712633660606
15.7,47.74110551120435,-32.04110551120435
225.568,512.5529088298239,-286.9849088298239
40.736,128.24444213785367,-87.50844213785368
31.08,74.76333102534464,-43.68333102534464
15.84,56.74193094384334,-40.90193094384334
1000.02,262.7431222972201,737.2768777027799
99.136,29.130375284042884,70.00562471595711
86.2,244.26444831154203,-158.06444831154204
2.78,45.280838542840925,-42.500838542840924
5.193,122.00776999482653,-116.81476999482653
30.144,214.94168840039163,-184.79768840039162
75.384,75.8021752887439,-0.4181752887438961
161.568,503.9164327497434,-342.34843274974344
211.372,621.7507499995169,-410.37874999951686
61.96,71.44834317442798,-9.488343174427975
17.088,121.42458298669894,-104.33658298669894
50.496,96.81659397113252,-46.32059397113252
79.14,58.947658316138394,20.192341683861606
17.94,58.61966224857307,-40.67966224857307
14.76,82.4449671700721,-67.6849671700721
3.424,53.03200861664236,-49.60800861664236
718.64,260.89123270238593,457.74876729761405
742.336,362.87817552447433,379.4578244755257
158.928,225.92421105476916,-66.99621105476916
11.416,130.97624298064275,-119.56024298064276
43.8,137.9892964104075,-94.1892964104075
67.344,265.3899888264359,-198.04598882643592
146.86,118.76036279959496,28.099637200405056
65.94,67.93115534922809,-1.9911553492280945
39.264,190.29823569358007,-151.03423569358006
199.96,211.52345461761308,-11.563454617613075
47.36,14.183118781895857,33.17688121810414
11.16,38.580283946748196,-27.420283946748196
80.88,56.23718671106896,24.642813288931038
33.04,116.5722829314667,-83.53228293146671
54.48,215.21969859560693,-160.73969859560694
105.98,270.1122955142963,-164.1322955142963
715.64,204.64771839485275,510.99228160514724
619.95,221.72657299363289,398.22342700636716
205.176,656.6208901641772,-451.44489016417725
24.96,91.38532553367007,-66.42532553367008
180.96,348.29974931993985,-167.33974931993984
14.352,64.82548080711719,-50.473480807117184
36.4,135.66939477406856,-99.26939477406856
16.256,49.24900872422096,-32.99300872422096
23.904,33.22445120535902,-9.320451205359017
185.376,229.717816492367,-44.341816492367
15.51,250.98605403559878,-235.4760540355988
423.28,262.5287971138269,160.75120288617308
31.08,214.74729273101576,-183.66729273101578
173.94,517.2833984294297,-343.34339842942967
190.92,72.34539283390909,118.5746071660909
223.056,57.10256320333068,165.95343679666934
34.5,133.67571057531617,-99.17571057531617
29.9,42.03361958714487,-12.13361958714487
1.192,120.02906538630155,-118.83706538630156
539.92,360.3080987996209,179.61190120037907
76.776,144.60523554542297,-67.82923554542297
82.26,102.80760324569961,-20.547603245699605
230.28,514.5597280605672,-284.2797280605672
59.94,78.48132611821012,-18.541326118210122
50.97,348.8303352626098,-297.86033526260985
159.968,362.15998839445507,-202.19198839445508
13.38,60.41755105424735,-47.037551054247345
9.296,131.70122459268853,-122.40522459268854
15.552,54.0917512300885,-38.5397512300885
140.736,379.43196487771723,-238.69596487771724
340.116,513.7307597870115,-173.6147597870115
152.24,208.95207884952686,-56.71207884952685
47.976,206.83027756584835,-158.85427756584835
38.6,100.07898075659152,-61.47898075659152
65.79,55.303274673954164,10.486725326045843
16.56,73.3066443675519,-56.746644367551895
1119.984,2249.608676137414,-1129.624676137414
45.0,225.7298153853933,-180.7298153853933
2.21,35.88081635207476,-33.67081635207476
3.15,43.90721254964963,-40.75721254964963
67.9,216.90303935102838,-149.00303935102838
35.92,102.06948660166289,-66.14948660166289
38.08,79.71316632728302,-41.63316632728302
47.9,55.07802542009527,-7.178025420095274
34.37,120.76718203033825,-86.39718203033826
29.76,18.150944381516425,11.609055618483577
21.3,36.88694011616856,-15.58694011616856
13.12,39.98760278369197,-26.86760278369197
8.448,124.52784676869044,-116.07984676869043
19.44,74.50393055641285,-55.063930556412856
62.31,138.03103926272834,-75.72103926272834
132.224,96.81659397113252,35.40740602886747
3.798,102.91383650590569,-99.11583650590569
219.168,373.35250463257125,-154.18450463257125
64.4,226.3001617676743,-161.9001617676743
272.4,202.3370168805921,70.06298311940787
338.04,248.67535252133814,89.36464747866188
26.336,141.6604040486356,-115.3244040486356
269.36,275.9293227340887,-6.569322734088701
1448.82,510.0300384121039,938.789961587896
87.4,225.5680912674577,-138.1680912674577
66.69,96.30520624458732,-29.615206244587327
14.94,56.3775815912849,-41.4375815912849
5.34,37.961247033499305,-32.6212470334993
222.384,367.37101433257857,-144.98701433257858
317.058,501.2695409621887,-184.21154096218874
64.96,83.16994878211788,-18.20994878211789
10.476,119.83466971692569,-109.35866971692569
69.008,100.21759700682865,-31.20959700682866
210.008,624.9808287951992,-414.9728287951991
10.776,132.27761711878964,-121.50161711878964
4416.174,525.4709563493763,3890.703043650624
331.536,267.3804946715073,64.15550532849272
30.98,213.47998986801142,-182.49998986801143
17.45,-2.3823216088620995,19.8323216088621
604.752,362.87817552447433,241.87382447552562
71.976,361.9982642765195,-290.0222642765195
4.095,132.01821664985783,-127.92321664985784
330.588,640.6502878190619,-310.06228781906185
70.98,519.447275523369,-448.4672755233689
717.12,224.31570206642306,492.80429793357695
119.833,525.0941098479744,-405.26110984797447
646.74,219.7320116287998,427.0079883712002
959.984,2250.715654606185,-1290.7316546061852
112.776,224.37346478118758,-111.59746478118758
1999.96,2236.279023005569,-236.31902300556885
54.5,253.06464728958554,-198.56464728958554
14.78,356.16446152764456,-341.3844615276446
963.136,511.8605987692185,451.2754012307815
71.372,521.0816615811289,-449.70966158112884
25.92,60.41755105424735,-34.497551054247346
14.94,43.71281688027376,-28.772816880273766
25.472,100.80078401495625,-75.32878401495626
50.96,46.47240292449774,4.487597075502258
1117.92,284.0692841466419,833.8507158533582
668.16,358.3144146008685,309.8455853991315
181.35,31.847641371138792,149.5023586288612
192.16,72.19325430049115,119.96674569950885
139.58,95.23089932725661,44.349100672743404
1049.2,116.77138636007162,932.4286136399285
171.96,634.5298876746749,-462.5698876746749
13.02,26.508610517777598,-13.488610517777598
6.848,61.984193350186644,-55.136193350186645
43.7,78.59988012670087,-34.899880126700864
85.14,224.07232145993498,-138.932321459935
4.832,46.53738246571474,-41.70538246571474
217.44,221.23423761502437,-3.7942376150243717
24.3,98.22391280807635,-73.92391280807635
17.024,98.61270414682808,-81.58870414682808
101.34,217.42812985490457,-116.08812985490457
17.616,136.40751141810526,-118.79151141810526
5.04,16.0016098582404,-10.9616098582404
117.96,268.8435929275897,-150.88359292758975
9.84,23.211165291058236,-13.371165291058237
1504.52,628.9489989765792,875.5710010234208
901.95,225.26972968107304,676.680270318927
201.584,360.50249446899676,-158.91849446899676
2934.33,266.2667217207097,2668.06327827929
773.94,360.16770391940497,413.7722960805951
193.95,263.2019089583076,-69.25190895830764
23.68,48.745391847860375,-25.065391847860376
161.568,233.01225794638088,-71.44425794638087
26.96,231.74123827456157,-204.78123827456156
13.896,138.20362159380076,-124.30762159380076
57.75,21.6385804208343,36.1114195791657
28.4,231.87004645537397,-203.47004645537396
1.744,216.45996264210413,-214.71596264210413
72.744,360.50249446899676,-287.7584944689968
55.104,18.50668178353797,36.59731821646203
3.52,42.1956121658376,-38.6756121658376
130.112,221.43095036951297,-91.31895036951298
34.944,127.52086024951014,-92.57686024951013
41.86,37.47330547797716,4.386694522022836
3.488,1.4032541396884994,2.0847458603115006
45.36,60.326699424728304,-14.966699424728304
307.168,351.7565317747747,-44.58853177477471
254.058,133.12519511862888,120.93280488137111
29.925,1326.3581170373336,-1296.4331170373337
362.92,267.3804946715073,95.53950532849274
844.116,519.585891773606,324.53010822639396
62.85,231.35244693580984,-168.50244693580984
3.036,123.14965756784235,-120.11365756784235
9.728,38.77467961612406,-29.04667961612406
9.84,140.39170146192902,-130.551701461929
3.96,5.70763985270149,-1.7476398527014902
11.394,118.03538118754918,-106.64138118754917
9.555,137.2711092803882,-127.7161092803882
3.828,122.56647055971476,-118.73847055971476
8.36,87.86312583388262,-79.50312583388262
177.98,200.6795229551338,-22.6995229551338
7.56,23.22898847139841,-15.66898847139841
368.97,522.2117479175982,-153.24174791759822
9.324,219.8033890332302,-210.47938903323018
15.552,63.271948284829875,-47.719948284829876
2.88,122.76086622909062,-119.88086622909063
4.928,37.916203275082594,-32.9882032750826
166.72,266.8272402525552,-100.10724025255521
140.97,217.42812985490457,-76.45812985490457
1.824,1.7920454784402295,0.03195452155977052
75.18,21.887082548563853,53.29291745143615
1799.994,1326.2177221571176,473.77627784288234
12.672,127.32646458013427,-114.65446458013427
29.472,70.53576037503281,-41.06376037503281
15.552,65.654423822334,-50.102423822333996
1123.92,505.50212739361933,618.4178726063808
11.784,129.15702493724882,-117.37302493724881
124.792,348.4941449893157,-223.7021449893157
599.985,1339.9857098784116,-740.0007098784116
44.376,352.46653379659307,-308.0905337965931
150.384,342.92566002531834,-192.54166002531835
13.28,113.51217792829367,-100.23217792829367
2939.93,366.322554245211,2573.607445754789
7.7,38.93640373405964,-31.23640373405964
11.648,45.43040399694371,-33.782403996943714
1669.6,637.8448755255915,1031.7551244744084
191.079,501.07514529281286,-309.99614529281286
82.896,142.89374083080472,-59.997740830804716
168.624,250.98605403559878,-82.36205403559879
14.62,64.13554614711282,-49.51554614711282
3.768,122.99294923102556,-119.22494923102556
24.192,143.08813650018058,-118.89613650018057
139.8,361.77119705570334,-221.97119705570333
11.68,20.358571378372176,-8.678571378372176
59.52,40.181998453067834,19.33800154693217
453.6,218.69235504469742,234.9076449553026
1137.75,649.7823028897709,487.9676971102291
62.18,259.9587203889734,-197.7787203889734
541.24,259.8169257850552,281.4230742149448
25.488,226.99851797209988,-201.51051797209988
7999.98,1311.8005611476929,6688.179438852307
5.56,48.20703505500586,-42.64703505500586
5.95,223.0143279282762,-217.0643279282762
13.72,250.33284644679645,-236.61284644679645
120.0,1323.5417007334672,-1203.5417007334672
87.96,360.8844913257219,-272.92449132572193
303.92,101.71336681435143,202.20663318564857
7.96,138.37808774915922,-130.4180877491592
3991.98,1346.4355058140663,2645.5444941859337
50.96,59.46584052471007,-8.505840524710067
17.92,72.25544531791957,-54.335445317919564
95.94,267.0801543033345,-171.1401543033345
55.44,38.20974916122886,17.23025083877114
28.35,33.94803309370255,-5.598033093702547
57.9,64.47437289439324,-6.5743728943932425
12.78,24.60246426555831,-11.822464265558311
27.93,248.37123474315922,-220.4412347431592
11.952,130.0437306672302,-118.0917306672302
45.36,65.79304007257116,-20.43304007257116
43.68,138.5398118670948,-94.8598118670948
124.2,368.448060212174,-244.24806021217404
5.184,47.282293591777915,-42.09829359177792
153.78,261.648885865872,-107.86888586587199
39.84,36.29104259773989,3.5489574022601147
5.248,52.31382148662307,-47.06582148662307
20.23,25.20207039948052,-4.972070399480518
314.352,520.2180637188459,-205.8660637188459
26.632,249.39353965135746,-222.76153965135745
8.82,46.66679859387361,-37.84679859387361
723.92,535.4505494199245,188.46945058007543
41.4,37.85768489367919,3.5423151063208067
38.28,117.64658984879745,-79.36658984879745
545.85,98.15709583942156,447.69290416057845
333.09,233.41201323577647,99.6779867642235
12.222,119.49847944363164,-107.27647944363164
283.92,515.4791053419889,-231.55910534198887
99.28,211.87509700801075,-112.59509700801075
19.44,59.86703559756004,-40.427035597560035
10.38,133.4813149059403,-123.10131490594031
42.616,110.66760769417522,-68.05160769417522
55.584,55.34641334344596,0.23758665655404343
53.7,222.47060695361534,-168.77060695361536
59.7,212.0154918882267,-152.3154918882267
65.584,63.09117181895766,2.4928281810423414
108.96,212.93486916964835,-103.97486916964836
8.92,117.84569327740239,-108.92569327740239
6.48,64.32994181648868,-57.84994181648868
116.76,367.5912568319176,-250.83125683191759
5.304,18.18179796599945,-12.87779796599945
9.552,121.6016502565255,-112.0496502565255
73.85,280.6192961738335,-206.7692961738335
345.0,231.35244693580984,113.64755306419016
155.372,524.1695822112293,-368.7975822112293
332.028,81.37066025274139,250.65733974725862
95.97,134.01190084861022,-38.041900848610226
10.368,47.282293591777915,-36.91429359177791
33.48,267.3804946715073,-233.9004946715073
40.68,364.6650603197527,-323.9850603197527
3.808,59.58178829866513,-55.77378829866513
122.97,42.228015256520735,80.74198474347926
347.802,520.5184040870187,-172.71640408701865
9.088,150.12111944396275,-141.03311944396276
4.41,51.69022334464775,-47.28022334464775
200.064,248.869748190714,-48.80574819071401
212.13,66.24911557109787,145.8808844289021
9.64,137.8475018064893,-128.2075018064893
92.52,261.0656988577444,-168.5456988577444
27.18,58.423866855494964,-31.243866855494964
91.6,214.30711579621178,-122.70711579621178
35.0,86.40002757780017,-51.400027577800174
1297.368,248.67535252133814,1048.692647478662
12.96,63.182023448476706,-50.222023448476705
9.096,225.19922944272338,-216.10322944272338
99.372,518.5047903742488,-419.1327903742488
40.752,78.0706939077332,-37.3186939077332
35.448,138.34541619771895,-102.89741619771894
2.688,19.981086495375962,-17.293086495375963
67.86,114.97478705104439,-47.11478705104439
542.94,219.9678521134305,322.9721478865696
617.97,361.43640650611155,256.5335934938885
6.192,51.59201822825831,-45.40001822825831
5.08,75.96702881249531,-70.88702881249532
4548.81,367.34108174340304,4181.468918256597
2249.91,221.77829689300984,2028.13170310699
13.36,70.200969825441,-56.84096982544101
184.704,264.6976787658304,-79.9936787658304
97.184,516.2498935374658,-419.06589353746585
71.976,364.0050835072627,-292.0290835072627
47.808,35.144936398826744,12.663063601173256
431.16,221.39630003628463,209.7636999637154
523.48,246.29287698383405,277.18712301616597
539.964,367.34108174340304,172.62291825659702
9.96,34.66622022372185,-24.70622022372185
1487.976,358.3144146008685,1129.6615853991316
79.92,360.8912858077485,-280.9712858077485
127.785,614.046786232849,-486.261786232849
6.048,128.10722561131874,-122.05922561131874
30.36,92.84982351345472,-62.48982351345472
69.9,340.19385918252925,-270.2938591825292
4.712,85.74002550697138,-81.02802550697137
824.97,369.38057252558656,455.58942747441347
105.584,360.8912858077485,-255.30728580774849
90.0,223.3473398478892,-133.3473398478892
377.97,348.8303352626098,29.139664737390206
13.592,83.55874012086961,-69.96674012086962
1.824,139.31060006257178,-137.48660006257177
9.568,58.760057128789015,-49.19205712878902
14.98,20.175482164751827,-5.195482164751827
9.708,72.53978850328495,-62.831788503284955
104.68,85.63286307048301,19.047136929516995
8.96,91.24810900713508,-82.28810900713509
21.984,200.18160856390415,-178.19760856390414
8.72,12.8810176766996,-4.161017676699599
9.344,19.981086495375962,-10.637086495375963
58.05,137.85068016017033,-79.80068016017033
3.76,31.17666054825294,-27.416660548252942
440.91,351.9509274441506,88.95907255584945
64.944,114.91949676523744,-49.97549676523744
166.84,215.594870730855,-48.754870730855004
20.368,135.08302941225995,-114.71502941225995
17.088,135.34560823487277,-118.25760823487278
10.68,103.1437935189936,-92.46379351899361
470.302,508.4092715578476,-38.10727155784758
959.984,2234.4488808917095,-1274.4648808917095
419.4,63.09117181895766,356.3088281810423
274.491,137.46550494976407,137.02549505023592
40.74,225.97927500259874,-185.23927500259873
19.44,56.604648812101054,-37.16464881210105
60.048,55.303274673954164,4.744725326045838
12.94,119.64027404754982,-106.70027404754983
568.728,624.9808287951992,-56.25282879519921
63.2,75.9275905787325,-12.727590578732503
113.79,91.77551659612395,22.014483403876056
1599.92,2253.77124198817,-653.8512419881699
151.92,19.25610488333018,132.6638951166698
18.368,128.24444213785367,-109.87644213785367
538.92,219.60941524100627,319.3105847589937
36.672,135.92879524300037,-99.25679524300037
227.976,205.17278364039004,22.803216359609962
104.9,264.99801913400313,-160.09801913400312
71.976,1329.4787092188744,-1257.5027092188743
4.224,38.54761239530791,-34.323612395307904
38.62,283.54549268599845,-244.92549268599845
7.872,22.02057727755954,-14.14857727755954
298.776,627.7126296379882,-328.93662963798823
2548.56,1325.089414450627,1223.470585549373
153.552,134.62742110485345,18.92457889514654
95.1,214.65686297864875,-119.55686297864875
98.352,210.60957277498517,-112.25757277498516
332.704,259.4821352354634,73.22186476453663
1706.184,634.6916117926104,1071.4923882073895
327.564,520.6928702423771,-193.1288702423771
13.92,154.89920555096188,-140.9792055509619
59.97,364.4706646503768,-304.50066465037685
53.34,87.20312376305382,-33.86312376305382
31.176,221.88424159180676,-190.70824159180677
11.96,57.10256320333068,-45.14256320333068
20.34,72.19325430049115,-51.853254300491145
764.688,634.335492005299,130.352507994701
23.696,219.57906077467877,-195.88306077467877
54.32,212.93486916964835,-158.61486916964836
3.96,21.76589021531595,-17.805890215315948
537.544,352.14532311352644,185.39867688647354
47.968,514.9485193993189,-466.9805193993189
114.288,258.3538275289727,-144.0658275289727
162.64,217.58537657592638,-54.94537657592639
485.94,352.07774245784134,133.86225754215866
89.97,213.83413087353483,-123.86413087353483
41.92,46.557311979732134,-4.637311979732132
12.6,46.40925191852536,-33.809251918525355
348.84,59.046195601475304,289.7938043985247
138.0,380.57988324572926,-242.57988324572926
1322.93,367.34108174340304,955.588918256597
24.18,206.75898320027983,-182.57898320027982
71.98,210.06035636153064,-138.08035636153062
63.552,81.51245485665957,-17.960454856659574
2575.944,352.60413503295285,2223.339864967047
499.584,219.47311607588188,280.1108839241181
1261.33,250.4028670274712,1010.9271329725287
89.97,225.7298153853933,-135.7598153853933
3.64,33.21988799770223,-29.57988799770223
2625.12,223.61223575561473,2401.5077642443853
46.74,264.9312021653484,-218.1912021653484
10.608,40.3763941224437,-29.7683941224437
32.54,132.01821664985783,-99.47821664985784
601.536,363.2342953117858,238.30170468821416
113.92,220.68603924344978,-106.76603924344978
239.666,503.6076236043194,-263.9416236043194
46.344,233.02322189702474,-186.67922189702475
22.96,37.466510995950685,-14.506510995950684
128.744,20.175482164751827,108.56851783524817
717.72,513.4654916292191,204.25450837078097
5.76,33.55924175495082,-27.79924175495082
14.89,100.80078401495625,-85.91078401495625
393.568,512.9417001685756,-119.37370016857562
5.232,65.79304007257116,-60.56104007257116
40.88,24.583411917621675,16.296588082378328
18.24,45.280838542840925,-27.040838542840927
10.4,121.6865593117599,-111.28655931175989
19.3,94.64771231912901,-75.34771231912902
6.48,71.25394750505211,-64.7739475050521
47.52,63.182023448476706,-15.662023448476702
88.92,91.83129601526268,-2.9112960152626783
21.93,46.08849793575139,-24.15849793575139
83.92,98.61270414682808,-14.692704146828078
8.32,121.40725458714964,-113.08725458714963
11.176,213.67298581368505,-202.49698581368506
17.248,131.69443011066204,-114.44643011066204
9.28,141.6604040486356,-132.3804040486356
27.264,133.164322848771,-105.90032284877101
276.784,128.44023753093177,148.34376246906822
35.96,380.8300583342438,-344.8700583342438
492.835,522.7064839551468,-29.871483955146857
5.56,41.312084789537266,-35.752084789537264
10.8,118.76036279959496,-107.96036279959496
123.92,71.25394750505211,52.66605249494789
27.992,366.322554245211,-338.330554245211
10.86,57.13072228259507,-46.270722282595074
20.232,145.81993734296967,-125.58793734296967
15.232,36.98832358623902,-21.75632358623902
98.16,215.4358453798544,-117.27584537985442
29.6,38.86111932259338,-9.26111932259338
31.44,260.89123270238593,-229.45123270238594
24.816,130.43252200598192,-105.61652200598192
14.94,25.725861860123956,-10.785861860123957
136.99,370.8504652636955,-233.86046526369552
42.6,106.42341556537285,-63.82341556537285
26.85,212.37103261745233,-185.52103261745233
76.64,43.6311154675672,33.0088845324328
203.92,516.9422035980713,-313.0222035980713
16.496,65.84881949170986,-49.352819491709866
257.98,346.4478597251057,-88.46785972510565
22.92,73.3066443675519,-50.386644367551895
107.44,273.07116357790153,-165.63116357790153
4.896,144.21644420667124,-139.32044420667125
512.499,510.7810014283175,1.7179985716825286
12.39,29.465165833634686,-17.075165833634685
23.688,47.66429044850315,-23.976290448503153
10.688,60.34575177266494,-49.65775177266494
183.92,100.07580240291053,83.84419759708946
39.992,207.21906890460008,-167.2270689046001
2999.95,2251.4214380021062,748.5285619978936
31.92,348.8303352626098,-316.9103352626098
357.93,238.0586297529979,119.87137024700212
11.52,32.76022417053396,-21.24022417053396
15.76,38.88062431492094,-23.12062431492094
14.4,24.940094074419562,-10.540094074419562
36.4,74.61708980657936,-38.21708980657936
478.24,121.33043952444845,356.90956047555153
409.216,94.50591771521083,314.71008228478917
299.98,361.6803454261843,-61.7003454261843
238.896,217.03933851615284,21.856661483847148
176.772,200.6795229551338,-23.9075229551338
37.764,129.90333578701424,-92.13933578701423
5.888,214.96419283458135,-209.07619283458135
3.04,19.64489622208191,-16.604896222081912
86.97,535.0859608553618,-448.1159608553618
51.45,244.88977677278757,-193.43977677278758
4.896,141.30428426132417,-136.40828426132418
9.82,34.3300299504278,-24.5100299504278
59.48,284.45807548539364,-224.97807548539365
118.16,240.03887644125757,-121.87887644125757
1.44,121.6016502565255,-120.1616502565255
415.968,360.50249446899676,55.46550553100326
15.42,264.1212862397293,-248.70128623972928
15.78,262.8849169011383,-247.1049169011383
3.984,100.21759700682865,-96.23359700682866
5.84,-14.05448081524905,19.89448081524905
92.96,131.1507091360012,-38.19070913600122
42.784,37.72644023027571,5.057559769724286
772.68,263.27370823989,509.4062917601099
540.048,251.79594470287896,288.25205529712105
31.5,37.256226462592736,-5.7562264625927355
3.52,46.38781701161194,-42.86781701161194
15.52,240.5933406733139,-225.07334067331388
36.6,93.37900973242238,-56.779009732422374
45.696,97.15278424442657,-51.45678424442657
22.62,129.51314472456028,-106.89314472456027
7.36,224.02862724960534,-216.66862724960532
59.52,31.122659759093025,28.397340240906978
6.54,74.11513921766112,-67.57513921766112
12.462,118.5591726481926,-106.0971726481926
81.96,210.1636022933925,-128.20360229339252
99.99,216.7031482428588,-116.7131482428588
340.182,368.4679897261914,-28.28598972619136
4.608,53.88680562019793,-49.278805620197936
19.824,21.887082548563853,-2.0630825485638518
51.84,62.33625761773631,-10.496257617736305
5.682,146.40312435109726,-140.72112435109727
102.3,234.93803757145707,-132.63803757145706
11.52,22.275873887315583,-10.755873887315584
3.318,140.19730579255315,-136.87930579255314
34.24,61.880649310329815,-27.640649310329813
31.776,11.008420142001356,20.767579857998644
704.76,265.77878016518764,438.98121983481235
25.92,63.97108306691254,-38.05108306691254
116.98,367.92426875153063,-250.94426875153061
686.4,1325.2838101200027,-638.8838101200027
69.52,266.1281054704726,-196.6081054704726
84.416,57.68575021145828,26.73024978854172
81.92,227.0862534713698,-145.16625347136977
11.808,142.37859117865491,-130.57059117865492
47.984,217.09333930531278,-169.10933930531277
3504.9,499.9940438934556,3004.9059561065446
83.984,359.58311718757506,-275.5991171875751
299.97,520.7401808842645,-220.7701808842645
43.96,96.49960191396319,-52.53960191396319
79.36,34.32686646647325,45.03313353352675
5.58,27.615588986548588,-22.03558898654859
53.568,121.21285891777377,-67.64485891777377
2549.985,1341.4488081344941,1208.536191865506
40.24,58.56566145941315,-18.325661459413148
659.97,365.7393672370834,294.2306327629166
47.952,61.265129054086586,-13.313129054086588
194.32,210.60957277498517,-16.289572774985174
23.92,40.3763941224437,-16.456394122443697
20.88,50.79854668677275,-29.918546686772753
391.98,350.2784539284648,41.70154607153523
213.48,365.8043720366393,-152.3243720366393
95.952,70.79234706183709,25.159652938162907
3.408,22.291788009636605,-18.883788009636604
54.92,94.84210798850488,-39.92210798850488
1088.792,118.5659671302191,970.2260328697809
572.8,354.5978192317053,218.20218076829468
40.712,216.23289542128796,-175.52089542128795
62.79,215.57581838291838,-152.7858183829184
658.746,519.0553058309362,139.69069416906382
4.624,65.46002815295813,-60.83602815295813
45.0,214.65686297864875,-169.65686297864875
99.98,218.6250331600288,-118.6450331600288
11.96,59.4981737728257,-47.5381737728257
195.136,248.14476657866823,-53.00876657866823
20.736,78.83744590552156,-58.10144590552156
35.34,93.18461406304651,-57.84461406304651
72.0,218.3407126542997,-146.3407126542997
211.168,365.08618490662,-153.91818490662
10.782,141.85479971801146,-131.07279971801145
9.952,268.15446122066527,-258.20246122066527
15.36,117.09607439211014,-101.73607439211014
89.97,216.36835769326694,-126.39835769326695
88.02,104.10897738384647,-16.08897738384647
95.968,206.29969162317838,-110.33169162317837
61.12,114.78039138166852,-53.660391381668525
20.32,82.25057150069624,-61.93057150069624
3357.6,1332.4235407156618,2025.176459284338
1363.96,366.12815857583513,997.8318414241648
10.512,139.64679033586583,-129.13479033586583
67.9932,496.7263666844264,-428.7331666844264
3.528,47.282293591777915,-43.754293591777916
72.704,94.50731743891303,-21.80331743891304
5.67,20.358571378372176,-14.688571378372176
34.86,61.94746627898458,-27.08746627898458
124.032,49.81969876519112,74.21230123480888
11.07,43.551092762338186,-32.481092762338186
1626.192,362.73638092055614,1263.4556190794437
7.536,116.34703367760781,-108.81103367760781
119.98,222.53561175317122,-102.55561175317122
32.064,81.9012461954113,-49.8372461954113
95.68,362.67137612100026,-266.99137612100026
1871.88,365.93376290645926,1505.9462370935407
4355.168,142.94774161996466,4212.220258380035
913.43,623.2465198070397,290.18348019296025
37.408,75.61090902518387,-38.20290902518387
9.552,25.185651273685906,-15.633651273685906
305.01,262.00500565318345,43.004994346816545
11.688,87.39751943242969,-75.70951943242969
4.368,37.82263078326213,-33.454630783262125
168.1,215.1360840697675,-47.0360840697675
36.288,46.893502253026185,-10.605502253026188
13.272,136.97076891221545,-123.69876891221544
129.93,100.07580240291053,29.85419759708948
47.96,35.47962127922479,12.480378720775214
195.466,511.8879798970885,-316.4219798970885
1128.39,632.892323263234,495.49767673676615
124.95,365.3473975446506,-240.39739754465063
1565.88,497.11515802317814,1068.764841976822
12.39,132.73640377987715,-120.34640377987715
20.992,37.66770114735303,-16.675701147353028
2.934,121.6865593117599,-118.7525593117599
14.7,31.17666054825294,-16.47666054825294
76.864,39.914520098403955,36.94947990159605
9099.93,1330.1287131956567,7769.801286804343
34.384,214.063176876139,-179.67917687613902
348.56,257.14230408510707,91.41769591489293
4.47,134.34217380595857,-129.87217380595857
20.736,64.71873315524041,-43.98273315524041
159.96,363.8174823199134,-203.85748231991337
528.43,490.0561936752282,38.37380632477175
4.536,144.55123475626306,-140.01523475626306
4.338,148.71380060701898,-144.375800607019
946.764,129.84933499785433,816.9146650021457
590.058,510.7810014283175,79.2769985716825
93.06,260.34751172772513,-167.28751172772513
17.34,201.250908726715,-183.910908726715
9.32,33.43333601501472,-24.113336015014717
743.988,383.34435563995856,360.6436443600415
2.628,129.90333578701424,-127.27533578701424
192.8,16.58430208557712,176.2156979144229
6.63,35.16262922205546,-28.53262922205546
5.607,135.13880883139865,-129.53180883139865
59.24,219.82923586319333,-160.58923586319332
931.176,112.78670718291613,818.389292817084
323.136,518.2027757108514,-195.06677571085135
19.83,37.91306504946698,-18.08306504946698
27.216,45.624799666319575,-18.408799666319574
46.53,266.02414406730156,-219.49414406730156
262.336,45.43040399694371,216.9055960030563
8.82,34.24325194063381,-25.42325194063381
172.186,519.3914961042302,-347.2054961042302
14.304,144.3568390868872,-130.0528390868872
47.04,97.9627001700457,-50.922700170045694
20.736,68.79365098849723,-48.05765098849723
6.9,118.37157146084323,-111.47157146084322
185.88,40.3995019901421,145.4804980098579
283.14,203.99451080605047,79.14548919394952
22.83,49.73478970995673,-26.90478970995673
885.528,510.5592246310716,374.96877536892845
841.568,129.35142060662469,712.2165793933752
9.656,104.8757018482131,-95.21970184821309
45.4,270.50108685304804,-225.10108685304803
62.048,131.3124332539368,-69.2644332539368
46.53,273.07116357790153,-226.54116357790153
359.32,242.3129055659076,117.00709443409238
12.96,43.825511136943064,-30.865511136943063
24.56,64.71873315524041,-40.15873315524041
239.976,364.1344743770827,-124.15847437708271
425.833,495.32326647337993,-69.4902664733799
366.744,513.9251554563873,-147.18115545638727
28.85,103.10823217528156,-74.25823217528156
1919.976,1307.832390966313,612.1436090336872
83.79,197.47713421471082,-113.68713421471081
479.984,2248.534369220083,-1768.5503692200832
26.176,209.78914562945357,-183.61314562945358
127.764,523.9751865418534,-396.2111865418534
850.5,217.951499438396,632.548500561604
115.296,63.117018648920784,52.17898135107922
11.36,67.85935606764568,-56.49935606764568
4.928,73.61409542061567,-68.68609542061567
16.23,68.21547585495712,-51.985475854957116
399.672,616.1658857215898,-216.49388572158978
15.936,22.819594861976412,-6.8835948619764125
8.64,25.748570464471456,-17.108570464471455
17.544,43.18223093760385,-25.638230937603847
603.92,499.08146109406044,104.83853890593952
483.136,505.37953100582587,-22.243531005825844
883.92,510.2518152093498,373.6681847906502
6354.95,136.93809736077517,6218.011902639225
40.0,226.83679385416428,-186.83679385416428
331.023,640.5116715688247,-309.48867156882466
36.4,80.10614849222816,-43.70614849222816
48.94,41.64482824839314,7.295171751606858
55.92,264.3480151572208,-208.42801515722078
23.68,37.66328922430333,-13.983289224303327
14.352,135.08302941225995,-120.73102941225994
139.96,223.73613118664093,-83.77613118664092
306.9,79.90756199665888,226.99243800334108
1577.94,136.19406340079274,1441.7459365992072
409.272,638.0734166121819,-228.80141661218187
24.448,69.52364447513051,-45.07564447513051
329.988,372.31356351977803,-42.32556351977803
2.286,117.09607439211014,-114.81007439211014
254.9745,511.6935842277126,-256.71908422771264
447.944,205.54977374259533,242.39422625740468
281.34,219.24287050138471,62.09712949861526
133.98,361.6308021754874,-227.65080217548743
16.9,57.35095966186647,-40.45095966186647
45.04,20.564273503503557,24.475726496496442
101.34,237.50551863163713,-136.16551863163713
842.72,96.49960191396319,746.2203980860369
662.88,517.7897815979105,145.09021840208948
39.808,260.34751172772513,-220.53951172772514
24.032,207.0246732352242,-182.9926732352242
99.136,21.67125197227459,77.4647480277254
23.68,42.79343959885212,-19.113439598852118
11.88,117.84098551817331,-105.96098551817332
269.982,373.0317506497973,-103.04975064979726
151.72,85.81684056967258,65.90315943032742
251.52,128.0500464684778,123.46995353152221
18.84,101.76914623349016,-82.92914623349016
6.63,53.42079995539409,-46.790799955394085
25.92,48.677811192175284,-22.757811192175282
199.95,199.8512954112261,0.09870458877389865
154.9,219.24604885506574,-64.34604885506573
35.4,16.58430208557712,18.815697914422877
1592.85,621.2201640568469,971.629835943153
12.294,137.3268886995269,-125.03288869952691
100.704,259.2337387769276,-158.52973877692762
1640.7,227.05358191992948,1413.6464180800706
7.996,98.06624420990248,-90.07024420990248
166.44,63.182023448476706,103.25797655152329
523.764,642.1065915931179,-118.34259159311785
44.856,129.2878954707014,-84.43189547070139
33.28,218.3035637059457,-185.0235637059457
15.552,64.58011690500325,-49.02811690500325
8.016,24.564776932999237,-16.54877693299924
60.72,104.99568311382784,-44.27568311382784
40.3,21.30239014754025,18.997609852459746
110.352,363.81068783788686,-253.45868783788686
34.44,55.49907006703227,-21.059070067032273
45.68,62.72822731016905,-17.048227310169054
38.34,40.538118240379276,-2.198118240379273
146.352,254.6372321598095,-108.28523215980951
54.384,224.56786045056344,-170.18386045056343
4.624,77.56874331881495,-72.94474331881496
54.9,66.82417688045706,-11.924176880457061
249.75,273.00312622192376,-23.253126221923765
25.92,46.013591005071305,-20.093591005071303
2573.82,529.3710891747785,2044.4489108252217
1004.024,633.8117005446557,370.21229945534435
200.97,361.86293985901375,-160.89293985901375
19.65,58.23087090982134,-38.58087090982134
6.48,57.29695887270655,-50.81695887270655
486.368,636.7378970568205,-150.36989705682055
83.92,271.38099810100294,-187.46099810100293
21.184,74.0028867593674,-52.8188867593674
9.912,41.83949237852616,-31.92749237852616
108.576,362.15998839445507,-253.58398839445508
41.376,228.41644235422012,-187.04044235422012
17.43,122.76086622909062,-105.33086622909062
76.92,110.58598141612872,-33.665981416128716
11.648,102.06948660166289,-90.42148660166289
81.96,201.06831429388552,-119.10831429388553
71.6,73.46195688719774,-1.8619568871977492
83.36,268.8435929275897,-185.4835929275897
1439.982,1314.5441632270283,125.43783677297165
334.768,138.34541619771895,196.42258380228103
74.352,60.540147442040805,13.811852557959199
22.608,79.90756199665888,-57.29956199665888
73.98,367.34108174340304,-293.361081743403
75.04,65.82571162401145,9.21428837598856
343.2,1338.5226116223291,-995.3226116223291
66.96,266.2667217207097,-199.30672172070973
10.368,46.557311979732134,-36.18931197973213
119.96,225.5680912674577,-105.60809126745771
791.964,369.736692312898,422.22730768710204
5.04,16.389906416201256,-11.349906416201257
66.58,251.21275769475136,-184.63275769475138
46.8,214.39796742573083,-167.59796742573081
373.08,250.1384507774206,122.9415492225794
55.168,216.6216867600397,-161.4536867600397
55.48,69.81217848668928,-14.33217848668928
23.832,252.87025162020967,-229.03825162020968
465.16,204.18890647542634,260.9710935245737
22638.48,1343.3706930516641,21295.109306948336
637.896,623.4082439249752,14.487756075024777
25.06,39.18490586178919,-14.124905861789191
7.52,14.66110798995139,-7.14110798995139
177.225,633.0867189326099,-455.86171893260985
35.04,219.82923586319333,-184.78923586319334
120.784,503.19145113769764,-382.40745113769765
158.376,367.72987308215477,-209.35387308215476
81.96,116.37788726209084,-34.417887262090844
15.552,62.30540403325328,-46.75340403325328
11.824,349.01292969543925,-337.18892969543924
47.01,64.4957021321129,-17.4857021321129
248.57,270.50108685304804,-21.931086853048043
77.55,266.65551305946144,-189.10551305946143
14.9,271.7697894397547,-256.8697894397547
183.84,92.84842378975252,90.99157621024749
79.96,335.03009423313057,-255.0700942331306
19.648,58.86360116864584,-39.21560116864585
102.624,249.74965943866886,-147.12565943866886
69.99,1336.1415358085274,-1266.1515358085273
103.12,222.2730329305585,-119.15303293055848
64.2,138.40119561685765,-74.20119561685765
474.95,210.06035636153064,264.88964363846935
47.976,196.20011728701542,-148.22411728701542
20.736,73.65635255657361,-52.920352556573604
15.84,106.81220690412458,-90.97220690412458
10.688,49.066602530927014,-38.37860253092701
92.52,257.7706405208451,-165.25064052084514
144.12,44.73809393633822,99.38190606366179
15.712,13.988723112519992,1.723276887480008
22.608,99.33494679660912,-76.72694679660911
270.72,226.85918625055362,43.86081374944641
42.93,67.64492966740536,-24.714929667405364
431.976,235.70940845594163,196.26659154405837
302.376,358.1200189314926,-55.74401893149263
5.04,230.79891789172424,-225.75891789172425
1295.78,262.3870025099087,1033.3929974900911
3.438,138.34541619771895,-134.90741619771896
38.04,196.92509889906114,-158.88509889906115
124.792,363.72663069039436,-238.93463069039436
23.976,365.2414528458537,-341.2654528458537
191.6,70.39536549481687,121.20463450518312
3.552,219.57906077467877,-216.02706077467877
673.344,625.3869485335002,47.95705146649982
232.4,141.1098885919483,91.2901114080517
120.576,93.7678010711741,26.808198928825888
11.52,118.17717579146736,-106.65717579146737
26.48,85.67504596575439,-59.19504596575439
700.152,494.90709400675814,205.2449059932419
49.632,232.82882622764888,-183.19682622764887
87.168,223.9337052096978,-136.76570520969778
6.286,121.49216364238403,-115.20616364238403
302.376,373.35250463257125,-70.97650463257128
3.36,34.961439070653114,-31.601439070653115
40.968,55.152017674070095,-14.184017674070091
187.76,100.80078401495625,86.95921598504374
20.736,36.457737643569104,-15.721737643569103
23.968,27.373731141814147,-3.4057311418141474
359.98,366.6161001313572,-6.636100131357182
480.96,636.6470454273016,-155.6870454273016
475.944,357.8947696776337,118.04923032236633
895.92,127.90965158826187,768.010348411738
46.62,134.75001749264692,-88.13001749264691
6.888,136.19406340079274,-129.30606340079274
29.718,150.31551511333862,-120.59751511333862
236.5,261.0656988577444,-24.565698857744394
75.792,144.9400260950148,-69.14802609501479
88.776,359.8101844083912,-271.0341844083912
8.952,122.21035077240332,-113.25835077240332
215.976,515.3173812240533,-299.3413812240533
62.65,33.94803309370255,28.70196690629745
14.432,3.604469039807654,10.827530960192346
20.72,128.24444213785367,-107.52444213785367
24.448,124.13905542993871,-99.6910554299387
9.99,381.84858583243584,-371.85858583243584
139.92,84.8274427075762,55.09255729242379
319.76,74.50393055641285,245.25606944358714
190.848,104.60689177507611,86.2411082249239
104.28,266.2185397366774,-161.93853973667743
14.56,55.693465736408136,-41.133465736408134
10499.97,2257.030450419948,8242.93954958005
33.28,116.18349159271497,-82.90349159271497
68.04,65.45684979927711,2.5831502007228977
5.184,63.117018648920784,-57.933018648920786
146.176,46.013591005071305,100.16240899492868
275.24,220.88043491282565,54.35956508717436
353.88,261.26009452712026,92.61990547287974
29.84,147.44509802031237,-117.60509802031237
24.9,51.50986424208973,-26.609864242089735
10.272,65.4926997043984,-55.220699704398406
2.688,202.72580821934383,-200.03780821934384
271.764,519.9746831123578,-248.21068311235774
10.272,59.05799683802171,-48.78599683802171
14.88,33.1163439578454,-18.2363439578454
8.64,24.759172602375102,-16.1191726023751
196.776,360.8912858077485,-164.11528580774848
9.024,114.2498054389986,-105.2258054389986
254.24,209.14097908010893,45.099020919891075
550.431,631.8194160696055,-81.38841606960546
532.72,1317.3854506839589,-784.6654506839589
23.24,143.4769278389323,-120.23692783893232
51.94,96.42780263238079,-44.48780263238079
5.904,38.17889557674583,-32.274895576745834
48.576,106.10266158259883,-57.52666158259883
303.25,107.69211815207943,195.55788184792056
11.088,119.62529445732241,-108.53729445732242
169.45,262.7940652716193,-93.34406527161929
14.952,138.5398118670948,-123.58781186709481
1194.165,510.088691367712,684.0763086322879
109.764,521.0489900296885,-411.2849900296885
521.96,519.4646838155314,2.4953161844686065
2.92,125.31690638712628,-122.39690638712628
111.96,62.33625761773631,49.623742382263686
13.36,63.99375154319464,-50.63375154319464
167.86,69.55597772324614,98.30402227675387
8.544,139.11620439319591,-130.5722043931959
85.52,266.1049976027741,-180.58499760277414
34.08,59.53084532426599,-25.45084532426599
11.36,122.40474644177918,-111.04474644177918
109.92,39.4567483802649,70.4632516197351
377.97,364.85945598912855,13.110544010871479
706.86,217.58537657592638,489.27462342407364
1447.65,212.54607783089662,1235.1039221691035
48.944,53.48272251206538,-4.538722512065377
9.94,104.10897738384647,-94.16897738384647
28.68,367.8366207340315,-339.1566207340315
12.294,151.97300903879693,-139.67900903879692
2690.97,136.60190708748112,2554.3680929125185
5.64,132.73640377987715,-127.09640377987715
316.0,219.01382449878054,96.98617550121946
79.984,205.17278364039004,-125.18878364039004
93.68,261.4544901964961,-167.77449019649612
686.32,1324.895018781251,-638.5750187812511
23.344,215.9582371167956,-192.6142371167956
68.112,221.20190436690876,-153.08990436690877
23.56,111.00710600299611,-87.44710600299611
8.784,57.46271918833075,-48.67871918833075
210.68,102.25708778901229,108.42291221098772
63.92,224.4611127986867,-160.5411127986867
7.752,112.59231151354027,-104.84031151354027
287.91,1315.0747491696984,-1027.1647491696983
38.34,66.34453391218631,-28.004533912186304
35.168,221.20190436690876,-186.03390436690876
322.192,48.356600509108645,273.83539949089135
17.31,84.8274427075762,-67.5174427075762
3406.664,510.9753970976933,2895.688602902307
15.28,58.27260985561091,-42.99260985561091
235.152,370.65606959431966,-135.50406959431967
542.94,520.3240084176427,22.61599158235731
10.688,48.93978751723624,-38.25178751723624
67.176,638.0734166121819,-570.8974166121818
424.272,267.9600655512894,156.3119344487106
1.408,116.34703367760781,-114.93903367760781
60.12,63.30461983627016,-3.1846198362701656
59.98,205.56157497914177,-145.58157497914178
241.44,202.79582880001857,38.64417119998143
20.664,31.425162675982506,-10.761162675982504
310.88,93.43301052158232,217.44698947841766
31.84,44.69765153471333,-12.85765153471333
21.38,118.76036279959496,-97.38036279959496
369.544,363.8174823199134,5.726517680086602
845.728,212.54607783089662,633.1819221691034
47.992,222.50327850505562,-174.51127850505563
10.368,57.49135454208241,-47.12335454208241
58.2,93.18461406304651,-34.98461406304651
19.776,131.17203837372085,-111.39603837372086
12.828,134.88863374288408,-122.06063374288408
132.16,252.6758559508338,-120.51585595083381
7.58,48.20703505500586,-40.62703505500586
7.61,79.22623724427329,-71.6162372442733
1.392,193.89493646988743,-192.50293646988743
2003.92,529.6304896437102,1474.2895103562898
7.872,39.0750199842968,-31.2030199842968
212.94,502.8058269295724,-289.8658269295724
1454.49,350.682224857444,1103.807775142556
40.776,223.87792579055912,-183.1019257905591
79.974,638.4313543664506,-558.4573543664505
2715.93,131.6294253111061,2584.300574688894
341.96,491.93546439793244,-149.97546439793246
542.646,513.8756122056905,28.7703877943095
43.92,213.47859014430918,-169.55859014430916
666.4,222.99527558033952,443.40472441966045
25.06,36.44631053697364,-11.386310536973642
9.588,372.8373549804214,-363.2493549804214
25.92,44.73809393633822,-18.818093936338215
185.376,244.26444831154203,-58.88844831154202
32.4,74.37453968659291,-41.97453968659291
60.84,106.42341556537285,-45.583415565372846
457.568,517.8547863974665,-60.28678639746647
14.19,77.726879108109,-63.536879108109005
5.184,132.80820306145955,-127.62420306145955
144.784,497.0951738748864,-352.31117387488644
7.16,137.2711092803882,-130.1111092803882
1090.782,624.9981571947485,465.7838428052514
258.528,367.92426875153063,-109.39626875153061
392.94,499.96137234201535,-107.02137234201535
131.136,249.7823309901092,-118.64633099010919
14.272,100.46777209534325,-86.19577209534324
13.392,53.15833347531772,-39.76633347531772
39.552,138.34541619771895,-98.79341619771895
587.97,363.19516758164366,224.77483241835637
60.72,99.49261539478293,-38.77261539478293
142.36,485.42301466849943,-343.0630146684994
211.248,229.3642581758512,-18.116258175851215
1704.56,222.89404862559542,1481.6659513744046
209.97,353.4140257002331,-143.44402570023308
80.48,216.90303935102838,-136.42303935102836
30.0,215.4358453798544,-185.4358453798544
5.5,364.99533327710094,-359.49533327710094
17.12,34.68298625378469,-17.56298625378469
383.952,206.62090230624506,177.33109769375494
26.046,121.6865593117599,-95.64055931175989
87.92,47.85091526769442,40.06908473230558
1039.992,1325.4782057893788,-285.4862057893788
12.96,59.07704918595834,-46.11704918595834
50.12,206.83027756584835,-156.71027756584834
30.88,96.62219830175665,-65.74219830175666
10.896,141.27161270988387,-130.37561270988385
227.46,368.66238539556724,-141.20238539556723
15.51,274.3045003600707,-258.7945003600707
465.16,212.60007862005654,252.5599213799435
31.248,133.54631970549624,-102.29831970549624
95.984,341.8513531079876,-245.86735310798764
88.04,36.449966793384505,51.5900332066155
81.94,508.4525266799733,-426.5125266799733
32.4,60.41755105424735,-28.01755105424735
20.736,59.46584052471007,-38.72984052471007
843.9,225.53541971601743,618.3645802839826
300.904,647.963084846377,-347.059084846377
71.96,43.46431475254421,28.495685247455782
1350.12,256.9479084157312,1093.1720915842686
863.64,347.9436295326284,515.6963704673716
195.68,218.01001781979943,-22.330017819799423
68.472,151.61688925148547,-83.14488925148548
763.28,494.78167871676965,268.4983212832303
182.94,500.54455935014295,-317.60455935014295
137.54,95.38582896316574,42.154171036834256
171.288,636.7378970568205,-465.44989705682053
129.45,217.7774551601895,-88.32745516018952
45.528,62.8967761495818,-17.368776149581798
58.48,46.282893605127256,12.19710639487274
31.4,87.57787853498773,-56.177878534987734
8.952,140.19730579255315,-131.24530579255315
609.98,621.7507499995169,-11.770749999516852
20.8,207.21227442257356,-186.41227442257355
70.68,93.04281945912838,-22.362819459128374
422.058,517.5922075748537,-95.53420757485367
41.37,95.23089932725661,-53.86089932725661
5.76,34.24325194063381,-28.483251940633814
730.2,635.4297284366471,94.77027156335294
6.608,114.58599571229266,-107.97799571229265
2453.43,485.42301466849943,1968.0069853315003
39.296,261.67021510359166,-222.37421510359167
14.62,33.75363742432668,-19.133637424326686
124.41,99.49261539478293,24.917384605217066
1598.058,136.58197757346372,1461.4760224265362
129.3,251.21275769475136,-121.91275769475135
2803.92,505.18513533645,2298.73486466355
14.6,135.4749991046927,-120.8749991046927
853.93,502.7326392182712,351.1973607817288
11.76,48.12989684995608,-36.369896849956085
38.88,56.76637293003663,-17.88637293003663
17.15,268.8435929275897,-251.69359292758972
2807.84,493.31858046068714,2314.521419539313
66.294,510.7810014283175,-444.4870014283175
143.73,196.20011728701542,-52.47011728701543
15.552,63.117018648920784,-47.565018648920784
219.84,43.825511136943064,176.01448886305695
11.76,31.653245701762927,-19.89324570176293
11.67,217.58537657592638,-205.9153765759264
84.98,524.2141986000196,-439.23419860001957
34.504,79.51877065790715,-45.01477065790716
284.364,638.6566036203095,-354.29260362030954
22.58,267.57489034088314,-244.99489034088316
46.2,48.86021738546923,-2.660217385469224
59.904,38.71616123472066,21.187838765279345
1115.17,631.4292250071514,483.7407749928486
113.328,66.53892958156217,46.78907041843783
16.24,270.1122955142963,-253.8722955142963
18.288,132.0505498979735,-113.7625498979735
577.764,501.9400769505403,75.82392304945972
26.376,366.81049580073307,-340.4344958007331
63.92,97.2177890439825,-33.297789043982505
17.12,46.47240292449774,-29.352402924497742
350.98,518.1785729366622,-167.19857293666223
17.12,62.53065328711217,-45.41065328711217
896.328,650.889281358542,245.43871864145797
41.376,217.19658523717465,-175.82058523717464
180.96,53.49452374861177,127.46547625138824
98.328,97.78693948529222,0.5410605147077803
21.4,58.95445279816488,-37.55445279816488
49.98,216.84494284677697,-166.86494284677698
152.94,216.51424801227665,-63.574248012276655
539.97,380.8300583342438,159.13994166575623
415.176,138.73420753647068,276.4417924635293
21.8,377.70946615270304,-355.90946615270303
46.872,106.22901989599698,-59.357019895996984
883.84,514.0160070859064,369.82399291409365
480.74,218.34920126617277,262.39079873382724
74.0,36.874229605867484,37.125770394132516
122.352,514.2104027552823,-391.8584027552823
11.736,44.557256654497394,-32.82125665449739
170.352,634.335492005299,-463.983492005299
11.232,138.23947149892206,-127.00747149892206
19.608,55.49767034333003,-35.889670343330025
127.96,103.30262784465742,24.65737215534257
48.784,198.88023442575727,-150.09623442575727
13.392,133.4813149059403,-120.08931490594031
56.3,46.35514546017167,9.944854539828327
32.952,97.15278424442657,-64.20078424442657
51.84,57.68575021145828,-5.845750211458274
70.008,130.0437306672302,-60.0357306672302
81.98,70.200969825441,11.779030174558997
39.92,96.49960191396319,-56.57960191396319
6.368,79.32437498853129,-72.9563749885313
6.912,17.956166326850635,-11.044166326850636
16.192,96.3378777960276,-80.1458777960276
866.646,519.0553058309362,347.5906941690638
82.95,221.4613048358405,-138.51130483584052
340.704,504.84894506315595,-164.14494506315594
121.6,134.53656947533443,-12.936569475334437
27.36,121.42458298669894,-94.06458298669894
41.424,207.21227442257356,-165.78827442257355
50.0,221.81742462315196,-171.81742462315196
136.26,273.58631323005136,-137.32631323005137
73.2,37.538310277533085,35.66168972246692
22.96,38.77467961612406,-15.81467961612406
46.688,212.3125142360489,-165.62451423604892
373.47,640.119701876392,-266.649701876392
99.87,259.8169257850552,-159.9469257850552
80.991,522.9008796245228,-441.9098796245228
4663.736,238.09130130443816,4425.644698695562
23.88,99.26407430819255,-75.38407430819255
4.3,49.24900872422096,-44.94900872422096
195.64,270.50108685304804,-74.86108685304805
5.84,241.1438561300012,-235.3038561300012
18.264,121.42458298669894,-103.16058298669894
19.98,41.839223917769004,-21.859223917769004
61.542,365.73618888340235,-304.1941888834024
4.91,42.44411429356717,-37.53411429356717
272.97,518.8935817130006,-245.92358171300054
20.736,63.117018648920784,-42.38101864892079
6.104,110.66760769417522,-104.56360769417522
55.008,136.54612766834242,-81.53812766834241
368.97,500.3501636807671,-131.38016368076705
19.98,368.8041799994855,-348.82417999948547
47.18,49.81969876519112,-2.6396987651911203
17.64,67.25613832865363,-49.61613832865363
1.696,119.10968810487991,-117.41368810487991
293.52,225.07533401169718,68.4446659883028
19.44,58.66920549926998,-39.22920549926998
481.176,639.7309105376403,-158.5549105376403
6.6,41.61242515771001,-35.012425157710005
12.96,70.14696903628108,-57.18696903628108
46.84,244.6953811034117,-197.8553811034117
8.226,134.01190084861022,-125.78590084861023
53.316,638.0734166121819,-584.7574166121818
184.752,515.8678966807406,-331.1158966807406
35.216,33.82212735376645,1.3938726462335538
68.16,99.6870110641588,-31.5270110641588
391.98,377.3206748139513,14.659325186048704
15.984,353.1347209756228,-337.15072097562285
204.95,59.148848467540745,145.80115153245924
69.08,101.53890065899297,-32.458900658992974
98.352,255.8341354649337,-157.4821354649337
25.99,16.778697754952987,9.211302245047012
3.912,54.30071120334897,-50.38871120334897
31.05,58.02592529993076,-26.97592529993076
79.96,362.28258478224853,-282.32258478224855
18.32,201.2627099632614,-182.9427099632614
211.04,60.61194672362321,150.42805327637677
88.768,61.80885002874741,26.959149971252593
705.544,366.12815857583513,339.41584142416485
431.928,205.56157497914177,226.36642502085823
12.144,128.96262926787296,-116.81862926787295
44.4,32.63986447352919,11.760135526470812
14.67,54.851226660036275,-40.18122666003627
427.42,35.404336867758545,392.01566313224146
765.625,627.6358145752871,137.9891854247129
39.96,370.4616739249438,-330.5016739249438
23.92,63.271948284829875,-39.351948284829874
519.96,217.03933851615284,302.9206614838472
16.752,20.302791959233474,-3.550791959233475
159.768,130.97624298064275,28.79175701935725
14.76,106.10266158259883,-91.34266158259882
97.568,511.82792721777815,-414.25992721777817
39.68,33.88713215332238,5.792867846677616
87.8,361.9655927250792,-274.1655927250792
4.086,134.40069218736195,-130.31469218736194
39.984,197.66321554309786,-157.67921554309785
23.076,81.9012461954113,-58.8252461954113
143.7,71.64273884380384,72.05726115619615
563.808,253.1023346221446,310.7056653778554
271.984,128.0500464684778,143.93395353152218
1279.165,503.6076236043194,775.5573763956806
43.188,133.81750517923436,-90.62950517923436
207.846,511.8819280069381,-304.0359280069381
3.76,34.86607546740504,-31.10607546740504
339.96,218.6250331600288,121.33496683997117
25.584,137.2711092803882,-111.6871092803882
3.424,64.22399711769181,-60.79999711769181
11.36,77.17995198006322,-65.81995198006322
659.168,354.3266084996282,304.8413915003718
13.9,36.34048017924303,-22.440480179243032
79.872,131.17063865001862,-51.29863865001862
8.226,114.39160004291679,-106.1656000429168
9.728,131.8888257800379,-122.16082578003791
119.616,133.164322848771,-13.548322848771008
15.712,19.893398349811477,-4.181398349811477
9.84,34.96823355267959,-25.128233552679593
13.128,136.7405233377183,-123.61252333771829
9.664,79.08762099403612,-69.42362099403611
24.85,96.14348212665173,-71.29348212665172
99.87,263.1119841219545,-163.2419841219545
1379.92,1335.048593906574,44.871406093426
10.368,44.34930259758649,-33.981302597586485
239.976,346.64225539448154,-106.66625539448154
307.776,56.960768599412496,250.81523140058752
19.936,132.6337369061011,-112.69773690610108
79.44,95.38582896316574,-15.945828963165738
18.432,39.72862683645002,-21.29662683645002
15.54,57.49135454208241,-41.95135454208241
5.184,63.09117181895766,-57.907171818957664
241.96,204.10399742019194,37.85600257980806
71.952,360.16630419570265,-288.21430419570265
79.44,104.80128744445197,-25.361287444451975
81.54,70.02061072288299,11.519389277117014
34.24,70.14696903628108,-35.906969036281076
6.16,97.2177890439825,-91.05778904398251
128.85,370.12548365164974,-241.27548365164975
152.991,137.07671361101234,15.914286388987676
154.9,213.12247035699772,-58.22247035699772
45.584,230.07393627967843,-184.48993627967843
28.672,47.12056947384234,-18.448569473842337
73.28,215.47227434306154,-142.19227434306154
959.984,2252.5025394014633,-1292.5185394014634
10.16,34.68298625378469,-24.52298625378469
435.504,268.2930774709024,167.21092252909762
12.536,68.09287946716367,-55.55687946716367
22.96,32.23643270989052,-9.276432709890521
11.232,130.23812633660606,-119.00612633660606
7.968,56.767772653738874,-48.79977265373887
13.98,224.83706351159182,-210.85706351159183
61.4,60.061431266935905,1.3385687330640934
411.332,510.7810014283175,-99.4490014283175
7.12,23.13435022835705,-16.01435022835705
3.882,133.9860540186471,-130.1040540186471
1951.84,498.8870654246846,1452.9529345753153
15.26,14.732907271533804,0.5270927284661955
7.872,42.00121649646174,-34.12921649646174
47.98,114.42476072768879,-66.44476072768879
186.048,517.0890027600539,-331.04100276005386
447.86,138.73420753647068,309.12579246352936
46.864,208.09898015255493,-161.23498015255493
40.776,38.21142212201386,2.564577877986146
117.456,47.08789792240205,70.36810207759795
17.9,218.50243677223528,-200.60243677223528
10.776,81.51245485665957,-70.73645485665958
241.96,513.6490178624036,-271.6890178624036
34.6,136.93809736077517,-102.33809736077518
108.4,83.55874012086961,24.84125987913039
19.6,13.464204684827195,6.135795315172807
342.37,59.046195601475304,283.3238043985247
63.9,78.26508957710907,-14.365089577109067
15.712,130.23812633660606,-114.52612633660605
242.94,259.8169257850552,-16.87692578505522
769.184,233.86373065412636,535.3202693458736
5.16,37.2789098086013,-32.1189098086013
8.72,213.88309143522415,-205.16309143522415
6.9,204.83659336709593,-197.93659336709592
5.98,273.3919175606755,-267.4119175606755
52.272,138.5398118670948,-86.26781186709482
55.5,261.0656988577444,-205.5656988577444
11.952,22.46347507466497,-10.51147507466497
12.624,0.48387685826685356,12.140123141733147
629.95,363.5512873689551,266.39871263104493
28.752,53.49452374861177,-24.74252374861177
344.372,500.3501636807671,-155.97816368076707
2879.952,2252.7479033035775,627.2040966964228
979.95,367.2351370446061,612.714862955394
21.456,12.404432523189584,9.051567476810416
158.376,352.86351024354576,-194.48751024354576
637.44,223.90785837973465,413.5321416202654
9.82,46.65764837706115,-36.83764837706115
1628.82,513.4868208669387,1115.333179133061
83.9,195.3580347259699,-111.4580347259699
12.176,120.22346105567742,-108.04746105567742
348.208,279.01758166751387,69.19041833248616
10.36,140.39170146192902,-130.031701461929
2.78,36.449966793384505,-33.6699667933845
16.68,353.60842136960895,-336.92842136960894
19.14,134.75001749264692,-115.61001749264692
2.97,226.30620791149443,-223.33620791149443
49.408,121.75657989243459,-72.34857989243459
34.272,131.3124332539368,-97.04043325393681
19.68,129.70754039393614,-110.02754039393614
32.064,19.981086495375962,12.082913504624038
128.744,360.8912858077485,-232.1472858077485
192.22,96.62219830175665,95.59780169824334
2.992,130.23133185457957,-127.23933185457956
233.058,505.6588357304361,-272.60083573043613
28.784,363.616292168511,-334.832292168511
39.72,263.59070029705936,-223.87070029705936
265.17,250.1384507774206,15.031549222579429
11.84,96.49960191396319,-84.65960191396319
451.136,517.8697637912383,-66.73376379123823
14.9,61.70488862557639,-46.80488862557639
32.4,71.61006729236355,-39.210067292363554
15.28,70.37770889312226,-55.09770889312226
6.464,82.09564186478717,-75.63164186478717
59.808,144.3568390868872,-84.5488390868872
758.352,367.1766186632027,391.1753813367973
8.016,51.92503014787134,-43.90903014787134
114.95,350.86982604479334,-235.91982604479335
2.224,37.91306504946698,-35.689065049466976
1704.89,1338.1878210727373,366.7021789272628
52.4,251.79594470287896,-199.39594470287895
358.58,635.2029995191557,-276.6229995191557
10.384,223.3473398478892,-212.9633398478892
12.224,56.420720260776704,-44.1967202607767
12.96,52.62865297400603,-39.66865297400603
58.48,25.272090980155227,33.20790901984477
39.88,98.41830847745221,-58.53830847745221
5.32,69.90564133185575,-64.58564133185575
227.96,519.780287442982,-291.8202874429819
171.2,134.82181677422932,36.37818322577067
10.368,45.81919533569544,-35.45119533569544
13.584,36.94271953530726,-23.358719535307262
4.158,122.8703528432321,-118.7123528432321
8.56,48.93978751723624,-40.37978751723624
25.164,114.39160004291679,-89.22760004291679
40.7,224.25387650346423,-183.5538765034642
8.64,23.490470015668492,-14.850470015668492
696.42,631.2348293377756,65.18517066222432
481.32,258.3538275289727,222.96617247102728
269.97,1327.485025020122,-1057.515025020122
563.024,131.8956202620644,431.1283797379356
15.192,124.52784676869044,-109.33584676869043
359.499,510.7810014283175,-151.28200142831747
43.176,129.84933499785433,-86.67333499785433
899.43,492.4386692127323,406.99133078726766
317.058,510.0300384121039,-192.97203841210393
263.88,40.181998453067834,223.69800154693218
7.312,130.97624298064275,-123.66424298064275
19.92,133.15752836674451,-113.23752836674451
11.52,24.28547220838898,-12.765472208388982
8.544,75.60777961936803,-67.06377961936803
360.38,260.15311605834927,100.22688394165073
1298.55,625.860740043154,672.689259956846
1007.944,361.77119705570334,646.1728029442966
218.376,516.3266833418281,-297.95068334182815
13.96,101.68069526291116,-87.72069526291116
11.52,33.15280212280801,-21.632802122808013
104.85,49.73478970995673,55.115210290043265
6.08,119.83466971692569,-113.75466971692569
207.0,505.89091873237106,-298.89091873237106
1252.704,640.4558921496861,612.2481078503139
70.56,90.99653419491834,-20.436534194918337
28.28,92.49230400244106,-64.21230400244106
52.136,230.79891789172424,-178.66291789172425
48.94,64.13554614711282,-15.195546147112822
10.98,225.39608799447115,-214.41608799447116
13.005,128.24444213785367,-115.23944213785367
15.48,58.95445279816488,-43.474452798164876
35.808,114.78039138166852,-78.97239138166853
116.784,229.55455813013555,-112.77055813013554
68.6,268.8435929275897,-200.24359292758973
37.32,258.3538275289727,-221.03382752897272
311.976,514.4047984246581,-202.4287984246581
37.68,262.00500565318345,-224.32500565318344
4.92,37.081335785544425,-32.16133578554442
49.568,131.69443011066204,-82.12643011066204
29.808,72.97363244793887,-43.16563244793887
184.66,61.91661269450155,122.74338730549844
231.98,367.00489147010893,-135.02489147010894
20.88,136.1573363295907,-115.2773363295907
517.9,367.56541000195443,150.33458999804554
211.96,253.78283441960485,-41.822834419604845
3.264,72.19966589878088,-68.93566589878088
9.45,35.07634080019322,-25.626340800193223
59.913,140.39170146192902,-80.47870146192902
31.984,363.0925007078676,-331.1085007078676
37.3,79.71316632728302,-42.41316632728302
872.94,499.08146109406044,373.8585389059396
4.344,2.7046282778353685,1.6393717221646318
946.344,340.73758015719005,605.60641984281
25.32,128.44023753093177,-103.12023753093177
3499.93,362.08818911287267,3137.8418108871274
506.28,1324.7532241773329,-818.4732241773329
319.968,361.60947293776775,-41.64147293776773
51.52,216.6216867600397,-165.10168676003968
11.56,66.18183141132289,-54.62183141132289
653.55,633.9666301805646,19.583369819435347
68.52,62.53065328711217,5.989346712887823
17.96,131.6294253111061,-113.6694253111061
189.588,150.17689886310143,39.411101136898566
35.168,101.68069526291116,-66.51269526291117
19.968,130.23812633660606,-110.27012633660605
83.976,222.47060695361534,-138.49460695361535
34.248,140.5793026492784,-106.3313026492784
29.04,70.34136470565694,-41.301364705656944
80.58,261.4758194342158,-180.8958194342158
1347.52,262.3219977103528,1085.1980022896473
703.968,361.4150772683919,342.5529227316081
58.73,233.01225794638088,-174.2822579463809
18.272,76.87961161189048,-58.60761161189048
3.29,5.039452673671775,-1.749452673671775
72.64,220.1599306976936,-147.5199306976936
179.9,30.04835284176228,149.8516471582377
155.88,200.5377283512156,-44.65772835121561
47.904,207.21906890460008,-159.31506890460008
83.136,511.79707363329516,-428.66107363329513
82.344,150.12111944396275,-67.77711944396276
5.328,148.90819627639485,-143.58019627639484
5199.96,1330.3231088650325,3869.6368911349673
904.9,212.60007862005654,692.2999213799435
239.97,367.92426875153063,-127.95426875153063
15.51,277.5544834114314,-262.04448341143143
1016.792,131.34510480537708,885.4468951946229
41.96,96.49960191396319,-54.53960191396319
13.208,130.23812633660606,-117.03012633660606
213.92,204.9839086681468,8.936091331853191
253.176,634.8860074619863,-381.7100074619863
32.04,56.76637293003663,-24.726372930036632
10.89,214.39796742573083,-203.50796742573084
455.97,647.9844140840967,-192.01441408409664
11.96,60.41755105424735,-48.45755105424735
39.08,116.77138636007162,-77.69138636007162
635.96,351.9509274441506,284.00907255584946
2.368,1.7920454784402295,0.5759545215597703
38.88,70.53576037503281,-31.655760375032806
93.248,74.50393055641285,18.74406944358715
22.72,93.04281945912838,-70.32281945912838
542.94,207.03019393235687,335.9098060676432
75.96,24.759172602375102,51.20082739762489
60.864,214.9052594371845,-154.0412594371845
53.352,95.15910004567421,-41.80710004567421
821.88,87.00872809367796,734.871271906322
37.52,61.880649310329815,-24.360649310329812
13.36,32.7815534082536,-19.4215534082536
15.528,50.71210698030343,-35.18410698030343
91.68,126.11354141256636,-34.433541412566356
1.788,131.61037296316948,-129.82237296316947
275.94,381.84858583243584,-105.90858583243585
11.376,81.9012461954113,-70.5252461954113
38.784,99.71968261559907,-60.93568261559907
161.82,17.987402296623586,143.8325977033764
98.392,515.9904930685341,-417.5984930685341
2.912,22.48618367901247,-19.57418367901247
104.97,214.51646809843277,-109.54646809843277
35.91,380.968674584481,-345.05867458448097
24.672,246.47547141666348,-221.80347141666348
59.92,94.64771231912901,-34.72771231912901
40.41,135.86379044344443,-95.45379044344443
228.92,250.33284644679645,-21.412846446796465
221.55,268.68186880965413,-47.13186880965412
1487.04,526.8660172494809,960.173982750519
4.752,132.6138073920837,-127.86180739208369
19.0,132.8790755498761,-113.87907554987609
155.372,538.5153621823266,-383.1433621823266
290.352,519.1384663779448,-228.78646637794486
8.26,33.55924175495082,-25.29924175495082
21.93,47.282293591777915,-25.352293591777915
17.12,23.4055609604341,-6.2855609604341005
51.312,134.4330254354776,-83.12102543547759
45.96,195.09465867720672,-149.13465867720672
13.216,25.20207039948052,-11.98607039948052
282.888,90.85613931470236,192.0318606852976
200.984,79.33939649443981,121.6446035055602
16.896,47.12056947384234,-30.224569473842337
18.504,131.3124332539368,-112.8084332539368
82.368,261.6162143144317,-179.24821431443172
64.624,58.86360116864584,5.760398831354152
5.388,139.70256975500453,-134.31456975500453
452.94,655.2135713272335,-202.27357132723347
167.968,349.21912660136155,-181.25112660136156
64.784,517.6479869939924,-452.8639869939924
19.44,68.54347589998267,-49.10347589998267
37.52,56.960768599412496,-19.440768599412493
15.984,364.1344743770827,-348.15047437708273
15.712,79.7013650907367,-63.9893650907367
5.352,93.23861485220645,-87.88661485220645
86.304,38.88062431492094,47.423375685079066
8.904,64.22399711769181,-55.31999711769181
3023.928,375.20439422740543,2648.7236057725945
123.256,40.00753229770936,83.24846770229064
6.928,112.27250055417588,-105.34450055417588
849.95,150.50991078271448,699.4400892172855
63.96,265.5843844958118,-201.62438449581177
