Date,Predicted New Customers,Predicted Cumulative Customers
2018-11-06,0.03333333333333333,793.0333333333333
2018-11-07,0.03333333333333333,793.0666666666667
2018-11-08,0.03333333333333333,793.1
2018-11-09,0.03333333333333333,793.1333333333333
2018-11-10,0.03333333333333333,793.1666666666666
2018-11-11,0.03333333333333333,793.2
2018-11-12,0.03333333333333333,793.2333333333333
2018-11-13,0.03333333333333333,793.2666666666667
2018-11-14,0.03333333333333333,793.3
2018-11-15,0.03333333333333333,793.3333333333334
2018-11-16,0.03333333333333333,793.3666666666667
2018-11-17,0.03333333333333333,793.4
2018-11-18,0.03333333333333333,793.4333333333333
2018-11-19,0.03333333333333333,793.4666666666667
2018-11-20,0.03333333333333333,793.5
2018-11-21,0.03333333333333333,793.5333333333333
2018-11-22,0.03333333333333333,793.5666666666667
2018-11-23,0.03333333333333333,793.6
2018-11-24,0.03333333333333333,793.6333333333333
2018-11-25,0.03333333333333333,793.6666666666666
2018-11-26,0.03333333333333333,793.7
2018-11-27,0.03333333333333333,793.7333333333333
2018-11-28,0.03333333333333333,793.7666666666667
2018-11-29,0.03333333333333333,793.8
2018-11-30,0.03333333333333333,793.8333333333334
2018-12-01,0.03333333333333333,793.8666666666667
2018-12-02,0.03333333333333333,793.9
2018-12-03,0.03333333333333333,793.9333333333333
2018-12-04,0.03333333333333333,793.9666666666667
2018-12-05,0.03333333333333333,794.0
