Customer_ID,Transaction_Amount,Transactions_Per_Day,Account_Age_Days,Failed_Transactions,Anomaly,Behavior
C001,50000.0,25,10,8,-1,Suspicious
C002,45000.0,30,5,10,-1,Suspicious
C003,60000.0,40,15,12,-1,Suspicious
C004,35000.0,20,2,9,-1,Suspicious
C005,55000.0,35,8,15,-1,Suspicious
C006,40000.0,28,1,11,-1,Suspicious
C007,70000.0,50,20,18,-1,Suspicious
C008,48000.0,32,3,14,-1,Suspicious
C009,1312.210245626019,4,751,1,1,Normal
C010,1717.0240174343858,1,1214,2,1,Normal
C011,1314.632922875015,5,45,0,1,Normal
C012,1313.7080985718972,3,522,0,1,Normal
C013,1596.7849086264137,0,1479,1,1,Normal
C014,734.6879021368809,4,1161,1,1,Normal
C015,810.0328669947869,1,923,1,1,Normal
C016,1275.084988303611,6,1503,1,1,Normal
C017,1094.8675518662305,3,340,1,1,Normal
C018,1625.6989330381095,1,768,1,1,Normal
C019,1136.7903697915156,1,1223,1,1,Normal
C020,935.0785194658835,0,575,0,1,Normal
C021,2086.2595075686218,3,443,2,1,Normal
C022,1409.6894798053856,2,280,0,1,Normal
C023,1527.0112818751695,4,788,1,1,Normal
C024,930.1007255146172,5,1834,0,1,Normal
C025,1282.246910189927,1,1194,0,1,Normal
C026,1544.3690358839465,0,1327,1,1,Normal
C027,1039.602569031079,5,1469,4,1,Normal
C028,1650.2792073382689,5,1661,1,1,Normal
C029,1259.744524032478,1,1792,0,1,Normal
C030,1383.3225000826892,0,1944,0,1,Normal
C031,1259.3173551082411,2,1092,0,1,Normal
C032,2240.911273803575,2,843,1,1,Normal
C033,1494.6011101048264,2,58,0,1,Normal
C034,1076.91562841764,6,987,0,1,Normal
C035,1829.0179648412757,6,506,1,1,Normal
C036,1011.6625400115911,5,347,0,1,Normal
C037,1583.545438001902,5,274,0,1,Normal
C038,716.1319504480898,0,777,1,1,Normal
C039,968.7255804406278,2,726,0,1,Normal
C040,1578.7444943476494,5,301,0,1,Normal
C041,1795.3866319981641,5,1493,1,1,Normal
C042,1568.5473124759883,1,1801,0,1,Normal
C043,1453.7406870447037,4,1292,1,1,Normal
C044,1379.5585217642845,3,406,0,1,Normal
C045,908.591203853029,2,295,1,1,Normal
C046,1212.0623166421165,2,955,1,1,Normal
C047,1315.744491616085,2,950,0,1,Normal
C048,1922.8488904875662,6,1412,1,1,Normal
C049,1637.4473158273845,4,369,1,1,Normal
C050,794.7839378549064,1,418,0,1,Normal
C051,1629.6335877579181,1,606,0,1,Normal
C052,1345.9670878334734,1,1742,1,1,Normal
C053,1229.2311998776165,5,32,1,1,Normal
C054,1744.6705155363472,3,1482,1,1,Normal
C055,1912.3998089983804,1,1195,2,1,Normal
C056,1872.5120476464795,3,405,2,1,Normal
C057,1164.3129907109446,6,1723,0,1,Normal
C058,1376.3150496595142,2,353,0,1,Normal
C059,1632.5053725614257,5,175,1,1,Normal
C060,1890.2180508489437,2,322,1,1,Normal
C061,1308.330304861884,1,1718,0,1,Normal
C062,1425.7364093344731,7,461,0,1,Normal
C063,1057.4660103975887,8,734,1,1,Normal
C064,1021.5173503677318,0,978,0,1,Normal
C065,1825.0103289576791,3,614,0,1,Normal
C066,2042.4960114283292,6,428,0,1,Normal
C067,1471.1959513678664,1,846,0,1,Normal
C068,1901.4131591568098,9,1942,0,1,Normal
C069,1644.6544100190536,3,1397,1,1,Normal
C070,1241.9520981579503,3,993,0,1,Normal
C071,1644.5582422033656,6,1193,0,1,Normal
C072,2115.2146265863876,2,216,0,1,Normal
C073,1485.6695843560194,0,1858,0,1,Normal
C074,2125.8574623256027,4,90,0,1,Normal
C075,452.1019583641023,0,968,0,1,Normal
C076,1828.7610017500895,3,1433,0,1,Normal
C077,1534.8188272952684,5,739,1,1,Normal
C078,1380.397059813653,5,836,1,1,Normal
C079,1536.704310614201,4,1493,0,1,Normal
C080,704.9724341596428,1,1372,0,1,Normal
C081,1412.1312448649953,1,1355,0,1,Normal
C082,1642.8450286046987,1,1397,1,1,Normal
C083,2091.1576178966066,2,40,0,1,Normal
C084,1292.6919126905411,3,1115,1,1,Normal
C085,1176.6025588427249,1,1898,0,1,Normal
C086,1299.2971825661853,1,255,0,1,Normal
C087,1866.1608470808296,1,1206,0,1,Normal
C088,1631.500443863874,2,1764,0,1,Normal
C089,1288.0959184931844,3,593,0,1,Normal
C090,1705.3069732453425,2,801,0,1,Normal
C091,1538.8310197392161,2,1624,0,1,Normal
C092,1887.4579962131556,3,1637,0,1,Normal
C093,1219.178762449059,2,1713,0,1,Normal
C094,1368.9351413608927,4,1914,0,1,Normal
C095,1343.1567387471368,4,1628,0,1,Normal
C096,914.5940207471526,1,1363,1,1,Normal
C097,1618.4481108258303,2,914,0,1,Normal
C098,1604.4221088719557,1,1296,0,1,Normal
C099,1502.0453826569844,2,1546,0,1,Normal
C100,1406.1651466499413,3,1419,1,1,Normal
C101,933.8517031798343,2,1383,0,1,Normal
C102,1331.7418708938565,4,1160,1,1,Normal
C103,1362.9141933892922,3,255,0,1,Normal
C104,1179.0890923113525,4,854,2,1,Normal
C105,1435.4857153335963,1,247,1,1,Normal
C106,1661.6203427258154,1,966,1,1,Normal
C107,2254.474360484212,1,782,1,1,Normal
C108,1569.8311251327357,2,535,1,1,Normal
C109,1603.0201562891057,2,288,1,1,Normal
C110,1470.221633693533,5,1941,1,1,Normal
C111,732.4915138803834,5,1827,0,1,Normal
C112,1489.3944498203132,2,1570,0,1,Normal
C113,1524.0920839764105,2,1826,0,1,Normal
C114,2485.2968449941145,3,83,1,1,Normal
C115,1423.055614087551,2,1100,1,1,Normal
C116,1620.618936933445,1,756,0,1,Normal
C117,1486.1152921179028,2,718,1,1,Normal
C118,1032.5287849521872,5,1574,0,1,Normal
C119,1957.1291258060082,5,1152,0,1,Normal
C120,1800.7732130747097,3,1073,1,1,Normal
C121,1816.4127788172186,4,1943,3,1,Normal
C122,1136.2450180821045,1,1806,1,1,Normal
C123,2061.1177243744396,3,1626,0,1,Normal
C124,939.2595748830877,4,1944,0,1,Normal
C125,1734.7428375201082,3,1543,0,1,Normal
C126,2376.1822503239914,3,448,2,1,Normal
C127,1103.7854699477248,3,719,0,1,Normal
C128,1273.4809081588912,3,879,0,1,Normal
C129,1539.8605460350566,5,91,0,1,Normal
C130,1298.6097383535202,3,1198,1,1,Normal
C131,879.734627573547,5,245,1,1,Normal
C132,1527.425189922411,2,32,0,1,Normal
C133,1075.078514509558,2,189,1,1,Normal
C134,1689.4369722540725,5,1792,2,1,Normal
C135,1132.2303063064787,3,810,0,1,Normal
C136,2119.973762007016,3,1173,0,1,Normal
C137,1186.698683065505,3,922,1,1,Normal
C138,1371.1753935177298,6,1142,1,1,Normal
C139,1825.4068869478679,6,358,1,1,Normal
C140,1007.6542734264178,3,609,2,1,Normal
C141,1590.9839738416517,5,1963,0,1,Normal
C142,2022.8571017129711,2,1410,1,1,Normal
C143,857.006706175509,4,1663,1,1,Normal
C144,1573.8535434129217,3,1320,0,1,Normal
C145,1603.9531176993694,2,1670,1,1,Normal
C146,1812.7291487109242,4,981,0,1,Normal
C147,1005.2197156487672,1,1376,0,1,Normal
C148,971.8173547662894,3,664,0,1,Normal
C149,1708.776626246759,1,1017,0,1,Normal
C150,1618.7938692932744,3,1594,0,1,Normal
C151,1600.1971401383507,3,1702,1,1,Normal
C152,1638.5792837987904,1,1248,1,1,Normal
C153,1227.9901113686037,2,950,1,1,Normal
C154,1592.9014788644015,4,767,1,1,Normal
C155,1617.2289893194725,2,1385,0,1,Normal
C156,1214.2594327894528,5,199,0,1,Normal
C157,2246.309804457903,0,550,0,1,Normal
C158,1689.533168364715,3,1516,0,1,Normal
C159,1023.4786011189406,2,69,0,1,Normal
C160,1762.6214434535318,0,1590,1,1,Normal
C161,1110.1273319090715,2,1314,0,1,Normal
C162,1814.8338414969808,2,1448,1,1,Normal
C163,1963.4382316029617,4,984,0,1,Normal
C164,1171.7270726593158,2,1279,0,1,Normal
C165,1885.3504516977287,1,1013,0,1,Normal
C166,1665.1123707745994,1,1177,1,1,Normal
C167,1828.824063997796,0,1004,0,1,Normal
C168,2258.717193061579,2,67,2,1,Normal
C169,1401.8447535988519,4,357,1,1,Normal
C170,1198.5055342570042,3,1304,0,1,Normal
C171,1144.1942281497907,5,1954,0,1,Normal
C172,1173.6758860138248,5,1229,0,1,Normal
C173,1469.1593162343584,3,1655,0,1,Normal
C174,1636.4607899266575,4,943,1,1,Normal
C175,1610.6763197320076,1,483,0,1,Normal
C176,1830.8732996144095,3,66,0,1,Normal
C177,1505.2007567511628,4,1369,1,1,Normal
C178,2081.4136308629268,4,1741,0,1,Normal
C179,1394.1372667048176,3,1002,0,1,Normal
C180,2588.0676666358477,2,825,0,1,Normal
C181,1750.2669391060026,2,1002,2,1,Normal
C182,1157.1369774334871,3,622,2,1,Normal
C183,1071.643000775555,3,1167,0,1,Normal
C184,1692.9889660972742,4,1093,0,1,Normal
C185,1410.6148858696597,0,1354,0,1,Normal
C186,1785.6001976368368,2,253,1,1,Normal
C187,1689.2950498294178,4,347,0,1,Normal
C188,1470.8684349372509,2,378,0,1,Normal
C189,1161.282512772638,4,144,1,1,Normal
C190,894.0611101256542,3,727,2,1,Normal
C191,1321.3940191731915,2,1376,1,1,Normal
C192,1842.559517729389,3,1621,1,1,Normal
C193,1585.6374976520815,7,1093,1,1,Normal
C194,1001.7044885152047,3,1919,2,1,Normal
C195,1569.272370340473,5,69,1,1,Normal
C196,1654.1269518915346,8,1912,0,1,Normal
C197,1146.4570255195467,1,1802,0,1,Normal
C198,1561.4900423782112,2,1342,2,1,Normal
C199,1523.2834873784,2,1315,0,1,Normal
C200,1042.8118808677507,1,245,1,1,Normal
